-- phpMyAdmin SQL Dump
-- version 5.1.1
-- https://www.phpmyadmin.net/
--
-- Host: 127.0.0.1
-- Generation Time: Jun 01, 2022 at 01:50 PM
-- Server version: 10.4.22-MariaDB
-- PHP Version: 8.1.2

SET SQL_MODE = "NO_AUTO_VALUE_ON_ZERO";
START TRANSACTION;
SET time_zone = "+00:00";


/*!40101 SET @OLD_CHARACTER_SET_CLIENT=@@CHARACTER_SET_CLIENT */;
/*!40101 SET @OLD_CHARACTER_SET_RESULTS=@@CHARACTER_SET_RESULTS */;
/*!40101 SET @OLD_COLLATION_CONNECTION=@@COLLATION_CONNECTION */;
/*!40101 SET NAMES utf8mb4 */;

--
-- Database: `osrs_db`
--

-- --------------------------------------------------------

--
-- Table structure for table `classes`
--

CREATE TABLE `classes` (
  `id` int(30) NOT NULL,
  `level` varchar(200) NOT NULL,
  `section` varchar(200) NOT NULL,
  `date_created` datetime NOT NULL DEFAULT current_timestamp()
) ENGINE=InnoDB DEFAULT CHARSET=utf8mb4;

--
-- Dumping data for table `classes`
--

INSERT INTO `classes` (`id`, `level`, `section`, `date_created`) VALUES
(7, 'senior 1', 'B', '2022-05-03 12:58:03'),
(8, 'Senior 2', 'A', '2022-05-03 13:05:37'),
(9, 'Senior 1', 'A', '2022-05-03 13:05:51'),
(10, 'Senior2', 'B', '2022-05-03 13:06:10'),
(12, 'S4', 'MPC', '2022-05-10 17:21:33');

-- --------------------------------------------------------

--
-- Table structure for table `notifications`
--

CREATE TABLE `notifications` (
  `id` int(11) NOT NULL,
  `title` varchar(500) NOT NULL,
  `description` text NOT NULL,
  `status` int(11) NOT NULL DEFAULT 0
) ENGINE=InnoDB DEFAULT CHARSET=utf8mb4;

--
-- Dumping data for table `notifications`
--

INSERT INTO `notifications` (`id`, `title`, `description`, `status`) VALUES
(6, 'UMUNYESHI WICYUMWERU', '<h1 style=\"text-align: justify; \"><b><i>Henriette</i></b></h1><p style=\"line-height: 1;\">The <b>best study </b>of the week is the one that has worked hard&nbsp;</p><p style=\"line-height: 1;\">within the week.</p><p style=\"line-height: 1;\"><i>This is according to the behaviors and the performance&nbsp;</i></p>', 1),
(7, 'Best student', '<p><b><u>Student of the week</u></b></p><p><img src=\"data:image/jpeg;base64,/9j/4AAQSkZJRgABAQEBLAEsAAD/2wBDAAgGBgcGBQgHBwcJCQgKDBQNDAsLDBkSEw8UHRofHh0aHBwgJC4nICIsIxwcKDcpLDAxNDQ0Hyc5PTgyPC4zNDL/2wBDAQkJCQwLDBgNDRgyIRwhMjIyMjIyMjIyMjIyMjIyMjIyMjIyMjIyMjIyMjIyMjIyMjIyMjIyMjIyMjIyMjIyMjL/wgARCAIVAyADASIAAhEBAxEB/8QAGwABAAIDAQEAAAAAAAAAAAAAAAMEAQIFBgf/xAAZAQEBAQEBAQAAAAAAAAAAAAAAAQIDBAX/2gAMAwEAAhADEAAAAffgAAAAAAAAAAAAAAAAAAAAAAAAAAAAAAAAAAAAAAAAAAAAAAAAAAAAAAAAAAAAAAAAAAAAAAAAAAAAAAAAAAAAAAAAAAAAAAAAAAAAAAAAAAAAAAAAAAAAAAIvGnsM/LIz66+fevOkxkAAAAAAAAAAAAAAAAAAAAAAAAAAAAAAAAAAAAAAAAAAAAAQef5JT420lteTGUwyOh3PGbH12x8u+hRfAAAAAAAAAAAAAAAAAAAAAAAAAAAAAAAAAAAAAAAAAAA4lz50RW+f0ZrGlCM6kNXeoo5q1zPJUkJ7vPsn1Kbx/sIAAAAAAAAAAAAAAAAAAAAAAAAAAAAAAAAAAAAAAAAAEB43zEkS2/Qw9Xz+uHa/Oec879D5es+Ez1eR04MZ03jfbUdH6Z8n97HpAAAAAAAAAAAAAAAAAAAAAAAAAAAAAAAAAAAAAAAAAOP2PPnz6zT6ud9nocu15fb0bHMk1LnOzUiKl0sL5GP0vn+/kiYk68s+h4Fw+rCAAAAAAAAAAAAAAAAAAAAAAAAAAAAAAAAAAAAAAAAHn/QcU+a9vid7PS9mpBw9PVk5dvG7UFLl7x1dK+2sWKq/NeSzeod/Lcuc31es+6EAAAAAAAAAAAAAAAAAAAAAAAAAAAAAAAAAAAAAAAAKdwfHO7isvX4XTr8u9Tpxdfn05nO9dE1593dtYpT36HLrxeJ3OF6fJJ7XxXo+nL6EIAAAAAAAAAAAAAAAAAAAAAAAAAAAAAAAAAAAAAAAAApeT9zrL5KPel5ffdtcfqZ1doz8zWdL/Gr2dulShRw+zw/R5bNitvvn9S6fhfdQAAAAAAAAAAAAAAAAAAAAAAAAAAAAAAAAAAAAAAAAAB53yv0nwnPtQ0js46VNrU5JyL201Q22j3iPkdDndOG1qnJrPS+q/I/cHqhAAAAAAAAAAAAAAAAAAAAAAAAAAAAAAAAAAAAAAAAADwPvPjx6C357qcfV2Z/Lx531qKYoVMwdOLn9Tn75a51axY63GmX7HJ4b3EZAAAAAAAAAAAAAAAAAAAAAAAAAAAAAAAAAAAAAAAAMFf5B9Q8jnfK62ebjp0pOFrN9vl1I7nafWa5RW7E1y6fq95fH7ewl3y8h7rzVHfP6+5t0la5MgAAAAAAAAAAAAAAAAAAAAAAAAAAAAAAAAAAGDKlHL0NObpNXaOcZ1zeZ6Djc+vPo9CuvOiuwdOdeTbc2mWc73nznn0tWKXTzqXfaft5+X5Tpcjrymkqb6za0i9DLD7n5j69n0QAAAAAAAAAAAAAAAAAAAAAAAAAAAAAAAABTM1INePXOMZXGdtrYdbGCLfMZT5notM68rX9RUm+Fv0Jpa3QmszVDPU1Yhs75684tZ4E8TFjPbjrJHIW/Z+a7vLc3J6cdekQT75gAAAAAAAAAAAAAAAAAAAAAAAAAAAAAAAY4nW4WdxbR743Y2qb5Ws1ZLJ8QYWZFmM6brdNtsGmsmY12ztpDmREbfchq3ZbPJ6fRdevL5Zn6nGeR6Um2OkG+umL3bXP6HXkFgAAAAAAAAAAAAAAAAAAAAAAAAAAAAAAFDj9LjcutjTG01O1am+smmbJtCJ1fJLmHZJMxjdplM7aYJlcT7Vi2Km0B5uxyc9+XprHj9T2ile4dNY5lt3sec9F057bR7XLGMG+0cgAAAAAAAAAAAAAAAAAAAAAAAAAAAABx+b0ufz7R6SQSzWuR0pJZcy2a4arnDEb4xgznTBvprhZd4tCbavkmQiePEcnjNLNXvzjlxpZ7DbM/HrrjWOJ/Q+Y9PrGNtd+mNGRtnTUlzDMAAAAAAAAAAAAAAAAAAAAAAAAAAAAcbkd7jc+sTMebV6HPL3sJaj232qDEmka4lVHtkYZyYNY3zjY1xvmodZ9TyHL7fE6ctc6SWe11kk49au0le3b1nm+rvnf38/3N8pNdmdYZGMgAAAAAAAAAAAAAAAAAAAAAAAAAAABW4PovNc+m1eXOd06PU5dnpM12dTaMWba65MbZzWuJSaZ2wM41lkxHkzjOEzrmKXicHucLty1lik1Pe7LvLcViGHtyU72vXnF6HlXuerIxsAAAAAAAAAAAAAAAAAAAAAAAAAAAAADXzXpfPZ3WglhzuDm9Tm10L1G3jU+YBY2qIuqW5ZV8FzNLKW1QtrWDJNiNW+kdaXlcbp9Xtw4fs7FLrz6telZ3iaWprjc+0U2suLf8fz39UQzZoAAAAAAAAAAAAAAAAAAAAAAAAAAAAAEXmfS+Yx0xHpFjWKFmpZ1sYjblzBKTT6TWa5sZK+bArYt6lfFrSqkksONQwWq/PvYzyI98/T1PPz6kljl3vZ4LstXfrysy1bOdWZItue6Hj/WeTxv3PovBe9xQAAAAAAAAAAAAAAAAAAAAAAAAAAAAAIfMel8lz6WbVrkbluOnizpYoyZu0FiTNp46Ba09jdKy5nNpZtaLXzMOfrPLj08GCKvrFa/NTs0i6UCST8y3149Tett9D59u1zJs3rzc25y60fKd3hce1n6f8t+mxMIAAAAAAAAAAAAAAAAAAAAAAAAAAAAAg8p6zzWOvWk8r1ePfp45G3PXWcrJ1d+Rg7TjLOvBR3ubW9bfeLOYM6k+OX19TkV73iZu/wALodLO6FmjKuZZKkTyxx9eLbmT/Q+bdzUzrFy9ypcb5qlY8vru/SPm30qLIgAAAAAAAAAAAAAAAAAAAAAAAAAAAAQGfP2/H47dvzlirndDMu1zHPFJL0OtwqHDv7OTxF/GvVOX0eXTZjEuWMxyKfoOB6uMvn+9jpzo24ms2KbJvsk1mShnS51rX5+mK/Qp38r9Cxysb5W8Vzrx2+lfMPfneEAAAAAAAAAAAAAAAAAAAAAAAAAAAAPN+k81NVPP9yljty61/SXlY6umsc7azHZppvFLL0OPLLf69Hr+b0W86Z8vo2zrk2j3yeej6Xnvf47Stt9D50+lOLGumil8/qxnOy6bbRxJFnNZYiShbqTdOM/qfLdg+hCAAAAAAAAAAAAAAAAAAAAAAAAAAAAHO6NWXzMtvTPTzvM9nwl4sdnRauL1+TidToaceu9rkwce3eec0PTbeZ3l9LtwLnPfVzUmxqv530Plvd46sed/X5Ippq+dTX+RamujvBvNy6sxG20XMO9K51nqT9ONi7Qun1EQAAAAAAAAAAAAAAAAAAAAAAAAAAAABza/ail4XG9bXXxnV9PxpePSq6Z1LBpEs6GSXOu2xHmXKRazZiGfXOdXeDdp6zHPHp15y4hkMwWq5as8m3NXdq6asaQw2SU9c657zRSWWJI56+m2vNelyAAAAAAAAAAAAAAAAAAAAAAAAAAAAAAA08D67wmpRhmimqzOsS9vmXs75m1aO56VWtGdLflepmuPXjj1i3Bd5tmzXaMmTEUulMWoDLTEbYxmtpNJjMuu5JtHtXW+k/MfpUSCAAAAAAAAAAAAAAAAAAAAAAAAAAAAABqea8t3eF2xVinsS8TPR0iLr0Ozy6+Xilxc1cb6I7PGvzUEMsVl6h0q2s11+wcyz0s6VKPZ48baW8Rz9dkuu2NzeXXBvnTc33i3Or7n577E9KIAAAAAAAAAAAAAAAAAAAAAAAAAAAAAUrtBPJc9W6yGbTfWWdVm1mtiWelcznXJg7lVOZYszVUn331mGzolrbWI5czwzVtw+vxcWa5VtHH3YxrfONjfGdiPfbAzkSep8p2T6Q03gAAAAAAAAAAAAAAAAAAAAAAAAAAAABxO357WfLwbaejnnViXKPEWYsYqSxUmFS1UiPfTaXbON7GWCPSRLvnKNOT0ebnXRt1elvPBhs1eW5JIt5ZcxZJs6bG2RV+jZPo97j9iQAAAAAAAAAAAAAAAAAAAAAAAAAAAAB5v0njN44uu+e+INJ0V0uqo99EWIJTFO3DLDLFMa7t7NM77VDvjWJcRarrzrdPlvqX6d/pjiUevxeW5to9863a7GZIsk+9eQllhyvv/AEHg/eSAAAAAAAAAAAAAAAAAAAAAAAAAAAAAPBHXHMjO3MJdRmyRlmkwbVCXTIS7msy7ljJWYiXmVDz9erdOvOjwzl0l2M6zkNshjYJJA9B9CIAAAAAAAAAAAAAAA//EADAQAAICAgECBAYCAgMAAwAAAAECAAMREgQTIQUQIiMUIDEzUGAyQSQ0FTBCQEOA/9oACAEBAAEFAv8A9cNbWkS1LP2F7FqTk+LWNCQSGweN4lyKpTzqL/1621KK+VyG5FzWRF9RczqrOsplfLas0+LusqurvX9Z5XiqrOR4g13Gfax+npNyIXxNkhqUnpQdSucPnHjvxeUvJr/V/EOZ8OksoL10GmpjyLMtexNrhmNavOk6zZ4GEKo04t7cK2uwW1/qvK5K8au+3a0dpeWZdGMOQQVJYDEYsJ1jNw0GCVOw8I5Zz+q+Kcne7YJK1a4pTgdCLxgJf4cjy3jXUzOYWye4GUM6fYPPSy0WdWj9Ttfp03N3SvvQvZYIIZas5HGDQ5B+kKqTpgZlTaP4RdtV+p+Jkjgn7lHc1fQGKYGhaWNCMy2gOHraqdjP7zNczw27o839T8Y/0zKR6U7QNA02haGYhEsTMtq1IaYBi5SJ2t/U/GP9Jv5Uj0AdoJmZhuqWPzhOre03eWrkOuGVoq5NaZP6n4r/AKDdz4b6qW5WD8ZEv2OZbsR0u9bUVxudFu6pKenlJiERCc+GILuV+p8qrrcZh28LwbeUqccm0EpcDE9UsUiMjtLeIVi1a8elAFM5Y9H/AIwCPBqQf1XxHi9DleHffsSX1ryGr464prANtQgryDxMxOGilhGnI7hYOx8M5Ip5P6pyeMnKrr4N3H5uoM6FQmVzX9bBgFmx8W6v8RkNbGsj94D6j2IxjgXdbifqhGRYdbHsnGMS0K13JQhuSqqmLhv02NkzmN9sfVT2HaeD3lOR+q8/jxzKmPT67KXvLSvjM8ytS2uLXClRL29C/X+1yZWxraqwW1fqjLsvL45qcB6oHDgTFrQcd3ColIbyuOVX+R+oMU4ng9/p/VbecPimTRlRCEC43qnJ5WxUR/qzQ91H1PkpnE5HQtR1dP1MnAuOz8XkkF0ZWL2ibXNEpxG9Ku8Hkww/9wHE/vwrndM/qd5xx3M4dBe6y33A06kNkuuzBBMRq+70ZjVOswfJTPC/EOp+p869VpNFIOxUP3O5E6phdj5AQQCBYK8zoynj+9d4ejx/D7apWLFejlo9K2I0yP00uojchRGuzOUBpGjCGYmIBBAIqdgIsEVJqDOVd0aNptFczqGHkEHjeJ21lWDr+ik4jXQ2NMtMGYeYeMGAupNRIzGzgpMTExAkTUTfMzAYtZEFeG7zxKzbkef1n/FVlL+HZxp4Rf1OP+iWXaSwlptibibLNlmyzYeSo2X44sJqj0YmDBACZVRsegJ0IOOpIqSh+xGomolp2tn9zjAtyfSI1oIpT4Pn/od9miK4YBjU3t7ZEBm02eZsnrmhnTs1WtVHS2jcZgOlFrioRFQsEwD0znSarMLLdRX5D6zhYrsG7nNdcP8AkJU/Uq/Qnt9x6yIloI9sTZJtNnmbJ65mZE9MPSM9vD2bwkap6DsOojqq+1M1zNU9me1L1Vqf+O5Qh4PJEFbRf58BBsbXYa+rTEp+n6Da2lbrFZkhQWAWlB1LTPcM6VpnSxOnWZpXNahMVT257cwswJ6Z6Z2mRNptNiJu0qZjbMwfRlDR6x1yoE6rPNCZxddf0HkuFXusBSyYKsLGI2My06e0FWJpNVx6RMpNq5tXN0mymZEzMzJmTO87zJlzOtXxVwA8R5CRfGDhfGEMS8chsJGu7HZpxA6tmZ8s+WfznK1JIeogrYdtZqFnUrzu2OqJ1FmwmUnUE3nUeb2TNsxdMXTW6aPCpmDMd8TURq8oW7GZE3nH36Ao1X21nUaUn3fL+vz3KGWDMo0SyblCLEnVCju0XM9cxZPcnuT1zDzV4UYzpHPS7dOaCaAAhc4XIUQpDWMWLrZD9f8A1QW0CdumYQkDVqV8v/P57k7CzdWLV5mwWBtIiawd56p3me2wmZmZmVmVmU29AGVm9Ym6EdSvO6ZGphKzaszlDHJByB1J/GV2JC1uNXaEJlHQFfpB9PIQ/UfX8zzA23UzBq0ywV3NYowUzmYSa1z25lJ7c9E9E9E9E9M9MyJuZuZuZmZE9ue2ZzlVeR5L/IXnXZzNHefDlQq1bL/D0nzwPzvLzguIUqafDuZZ1JU20WoidOaKJ6ZtVN6ZtVNqptTM0zeidSmdSmdSmbUmbVTNJntz0QqDPEk1ef2n3FsUTd4zOZpK+OxLuFX4klk/h+ev+16GnSM6ZBbMS41X9zPRNqhOpVOoJ151p158RPiIORPiDPiDBeZ1p1lnUqm9E2pntTxEDy/tP5qo19sRa8w6Vx72M0Jlaetf4/nrPtl1JxM2xrLY+1tnSM6az2RPZm9InUWdUTqzqTqzqTqidUTqJM0mYpnsz2ZimEVTm9PSf2v8qqAwFdVMa1mmk1mIg70XLfT+eb+L6M3QzDVasItliWNOMCaMGamdIwJMATCT257UzVPbnonomsNeZ0mnSadNp02nTac2ojy4/Ft5L8fw6nixrvL6eQORHbSjwi/V/wA838WAYtXNmWNbZLCzzjeinNs92FTPRM0zambJNlmyzZZtXNqpmqegzWatGDiYJjELLt3nE8JLQ8iulTaWO0WEgEvkJnWcw68Clij1WC2r87Z9t2Vj6xOpbGssjtZKq6zR0XnQtM6MFdcC1T2ZmmZpmapmqe1PZmKTOlWY3FKCtY+Vv2ioLHrSuuzmF7J3BEBm0HkPLxA/4P8AfhN21P5237b6NOgTDVcIabjDViVKTSaTnQQJFTMFU0E0EwJqJgTVZqJoJqtbcnkFq1Ixyj7aclMC9levkvmyxmTcko2w81g8vEf9MfXw6zp8r87b9ttSaqq8/wCC0PD47z/jBPgHUHhEQ8bENaCYQTYCB64DQZimYpmKZiqa1zFctxLKt6WuCM9/UmppcSxIOQySuxWlR9WZmAwNFPl4p24/91tq/wCdu+1YSp+HVuO3h8+AafB3iCrmLNvEFnxPPWf8hyBP+TWfGcIwWcB58NQ0+Dnwk+EM+EM+EafD4jqFZZz/AGrlmosQbVN9Y9IsA40qVlOZmbQPFsiPk+LWZ5HlUc0/nLftHZTXbvXvOrOrOtOss61c6tc3rMxWYePU0PA45nwNYnw7iaXif5AnUuE6zTk27MlnfxBOtKSwitCBcuCvlmWehA82m03nUlFnruu63J/oTjf6v5yz7dqkLTb0LWuAnXE6om4m0z8mTOo4nXsnxLz4ow8rt8cVsW+tp4m+nD65aK5ya1uTBEU4LvsNpWmzcpuowabTPkiPYb0ejjYgPpU9qO3H/OWHC70q1lvHnKsLv6pl4LbRF5F+V5N4i3Zm0z8/IVhN94vKes2KVtU7CuwrLcNAYW7VpHfAzHTMDRa3MrRRAbTOdW446zGJXOG+/E/N2WCuX2+jefWOjTRp0zBUYntO/JpxukFtglfI5Eovaz5mUOr1GqxlDDo5GuhhzFECqIXh7+SnExFuOUsraEduSo6YM+qj0t4U+eN+b5j/AORYxathPcEZr5rZNWmGgRZqJia9l5FYX4oh6OSzt8roHW2tqSbdEzv5bTf5lbBbDeQJEsctUIv0P08Gs9f5vnL71Z7319M7CfWdJjDS0ap1nZYbVmzGaxatpRxiFrqCfPzhmhv4o3oLQ2iCzurZHy583+kB8vDG05n5vkKGhr1dsOlqV1wu02czDTQzpGLVkpwmi8WpYNVm03E2E2mfk5X2P63OCcwDM1EVghBz/wBDnsIIOw4zY5H5u5cocWBA2bKEslvD6YyBOo8VbXi8ZEivXUDyoeXPizDyTPiJ158TiLyovIEFgMzOT/r/AFhBUou0JQQ95rK3xAfnsaCCAyn7n5y2iAkSxdg73JNDc7UV8dGtEJrMPT8u8w0wZie3MJNFM6ZnurF5LrBy1YbYAXJyJmd53j5Uo+RmZmZmZjNifWCDyH14zb8b841YaGiHhgyvjIk8WZkT4iww8g5a6GxYNWmJh5lhOoZtNkma57c9MZEMKpmF5sJss3WWttF7BXzMzabQvCc+Qg8qvu+EXZr/AD7NqvI5bWVd8/8Amz6mVV73cjjcemHo5BE9E3MFpnUhuSb5hBC7n/p3M3M2PmIIPPg2MnL/AD/Ls1S0d52BbvZ9Jw/9rxBgbdcjsIx2nbypsJpca2Sz7fy/0JUMlhhvkEEHyUYwjbp+e5N+1lh79mmBkd2InGOvI8QGk75ZcfJQc0WjFkf7PmFJgpaCoCP/ACr/AI2rhvkX5uO/p4DZ4n50/TlYMado6qXNYUARUAbxRdqVOJkw/Xyo/g4wYye2KWKjjxaVEHl/Vn8+KAXvQqkPlj56G1t8MfD/AJ3lsU4ippximVPe7PfMx5C+4RnYw6mFAS1ZB6RyoKwV7H4cMvQOW0rdt1bBgWYmJb9yo4jktx/lx8oODxn15P53ltrx7MI7WDCL21mPkHkAd8F3QA2dszaZ74JAZdGbQi1ILFjWxzl6M7a6uww0HkPPHyV96lOy/nPEz/j57eeZ2mB5A+S5BGNl+5P782GYrOsNqYFhj9UicaNX6rxi2CD/AKKD24bbcT854mfTnv5kz+8wQeWAGyAf/tPnnzH13M6hjt6Zxh2+icph1PLMzMzPy0/y8NbbifnPEzMTEM7+XbOswRPpBgqpXdv52dmME/rvAsxMDIxO2LSNJx864wOWuCPp8ufkRtG8McY/Oc983ZHn/REx5ZxMnKn1ZwbP52fTvAJkeX1h8vVNGli4Wcdfb2E5f2x8+Znz8Ib/AC/znKObp/Wxm5hebwHMPkB2cnqWd7H+0M6iD6wCYEA747OcS58iU/w2xOX9r/ozAfLwn/e/+f8A/8QALBEAAgIABgEDAwMFAAAAAAAAAAECEQMQEiExUCATUYEwQWEEFPAiMkBwcf/aAAgBAwEBPwH/AG0i2X2EIUM0KRKDj10ORcDiJUNWTw6463De5rQnZKT+xq92cklT6yPI1Ign9xxs9NWVsYvPWIVUJ2iPG5dDmYnWwl9hM/6O3lPnrsOY3HJskutjBsrSaxzsRpseDY8Oiun0mkSRFjRRQkJFpEnY3lz0iVZb5qZSYomyJT9hu/BcDV9FDPby5NyhrNZPnoY8eG/hee3juSXQrj6Fm5vm/CXQx4z+Siis/gr8FfjJ85blE6FK+ghlZeVfg+D4Pg+D4NvbKXOTlQ5+xXuR6CHhvlZf8sv+XnubkuRzLsXOS6CHhRt4xhZ9ie6HCEomNh6Xa4LFkuOggPd7M/qLkan7HqGuJqiakWiH9pe9FUOL+xiJ6XkpCYuOgwxYdnoo9CJ6ET0F7noP3P28z0J+xLBlEw50qNOp6kJnBiPakOJpZHDm+hght1kpM9ShYqYt85JxJwcjeI5DeUsOyMIob26CPIhorNNow9fhiNwdIf6jEshLEu34UPoEWLKiMcNcsU8NcHrI9ZCmnl+o5EihPwk+hss1GpGpF+ClJGJNy5OMmJlljd9MuCyyO431uoi7i84852X1LyTa4NbNTNTLLzQ+llx9OyI+RdJL6Fl5xJci6Sf1I8D5I/43/8QAKxEAAgIBBAEEAQIHAAAAAAAAAAECERIQITFQAxMiUWFAMEEEFCAyUnBx/9oACAECAQE/Af8AbTNiuwlOxGTiRkn10+BiY3YnRGd9bPgxY1RFFfCOBO11j4FRJoUqMyzx8dbuNbkudtFEh1skUf8ABbaR66SFeiF1rkkXZiKOl0LyCmc9PZejsTE9G9VVEdG66TMoxMSjF2blm7EtzYqPxrK29iO3RNjjZ7ipGMin8mP2Y/Yo07sx+zAwFHVssTtdDJMTMhyMjJls9x7j3FSKke7XFswX7i6FvcpMr5LozM0ZozRkZGRkZC40sciD6FxRizcpFmRkZGSMkZIyMhcaYopL9hWOLXPQT2MizFmH2Yr5MfsxMfsxXyY/Zg/kw+yPGiTYvGlyJ1wTfQNlJlIsszMjIyMzMssjwKDZVD3Wj6CSKZQ6NiyyyyxtaR2FKSZ4fJkqZQ9Hz0EiPG6PaYw+T01/kek/k9Jnps9NmDGLguxM8b9y0aGtH+fIlOj1WetL5PXkeuz118H8xEXnj8i8iJK3ZeO2vj53FIsl5IrnR/nyKRsOMfgfisfhkh7c6wkpIhUeDkSEtIzolOTElo/znpZerR5cNbo8XvVsXhhRNeOqXU3RKc3/AGofj8kuT0GehIfjktP4bgt6Nf0Lo2jAxZWtjjF8njio8G+taULo0titHyUUS267AkqktZCGYsxGft0q0WjSfJ6aMEYIpFabEhcdLDn9SRHgfPSePn9CitZ8keCXPSeP9SXJHgnz+N//xABAEAABAgMDCQYCCQMEAwAAAAABAAIRITEyQZEDEBIiM1FhcaEgMEJQYIGisRMjUmKCktHh8ARywSRAsuI0gPH/2gAIAQEABj8C/wDbjXe0cytR7Xcj6h0nmARbkRojqo5TKGO4KLDlBxQ0njKM3Gqk+B3H08co8waEXupcEQyhvQKhokhGIMSUahDQy5g1AZYB0dy0sm6I9NaOQMTe6C+jyjW81ohclMFRIIivui5SGCkVFRaYC8b0DR17d3pjQAi9wwQomXCsSo6RdxKkZJulo4LVojDEK1VDSbEXAKEZ3xW4pjg6INr9E17aOEfS2kamyE5zqmclpETuCaROS2ZUdYIxdLqiRZjJSN6Oai1EQTJH+mysY+GPpb6NtGqU1OihmjetISdvRlpcUYdVOaEtVTGCi0qDgtNtsHomPpEelHv3BE3ump9uIkVDKRVxUZqLXjkoOQjRPyRqw+lHwKjuRPcTXBSlzUlNSuTW3OGifSgn4gjz7yaiohMfeDP0p+IIodqZWq1UWs3sauCaze4elH+2bKA+Gak2SshUzSWs5b1JohnjnaXx0mT9KPZvGbKNNHNUIRUAxSz8005B10HLQdCZiqZjndlYzEtH0qQ0HRfMJw+4VGKDrJvQDZwvzwKllHBRMXHjnKhJQgp2XyJ3eldF/sRcg5wi0gjSCmrAUM8lovHYKor1emG8SPpWCIzOJ7DnEKBznNA5jkvC/wBLfSN980QphQaouUIrRaIlT7Mk1wuMQmvF49KwRFxWrMblIKIaMFQqNOaIbW85z2XZA3THpbLZPL7Mur9lQuuO9ArR0oBRfMhQb2D2Wu3FBzTEH0pFE7yhkXzYTLgoKioour3X0GUOqaHd6Uyh+6UE15stmiD2IdniqKhzjIZUz8J3+k3ZO0XShFRDJqPeD/KmyHFq0mQeFIOiE05R7WvhMLVcDyKr6NqpQU+iBjOvdRu7ERDko6TlqvdpGQz1zSdBa5028UHCh9DTWqr1ZVkYKQGCqpQiaqseV2aBUj2d/Yi9p5KMCrHVaMLA7ElruLXcFGOmz7QRyZqz5ehf8rSHuFtIcFtDgpvevEqOxVg4rZhTZq8ETk9UdigzTzzUL9+8KH0rcVtG/mVtuKeY39hkBGa1zH5KBALTvTC2P0WUlO70KWuUDS470YMK2Y9yrDFRquwVfhVpyo4qAEOaccrQLdw3KOjmoqTRduTgahRBAnIqbla6q18046VBu7JNXQVlRbrOvgfmUcmQ0A00RQ80128egzGyd13FAtm00gtF96hPFSYtn0UmheFbQLararaFWjioTUj0WiNwCjH+aUUXR8WkoRdgqOVHdVQ9VT5qyeqe3JsJeRALY9VPIu9kdV2CCyj30oOKNzOfzUggXunuRhvj6CJUWzF4R0ZtvBRczmQf51Wj81+yqqlaz2+5VvBWjgvF+VXqy8+62ZxWyOK2ZxWzOP7LZ9VsxitkxbJi2bFRv891Zafb90ItEOX79iYCIybQDwC+sI5BHQbwkpvhwaiBdx9BAG9RZMblGjt6jRw3KWTHVWmjk0IxyjkNUlUCtBWuitdFbKvxVCqdFYJ9itkVsitmtmrHRbMKw1WG4p5GqYVatJuXymKb9ZHmFYap5M+yc/Ji1vUXHTWqJKZXD37P7eehpluOb7Lt60cpQ3o6SgACjqQ6Kb8ELRipMditmrClk+ioqFUVIZqqbuq2g/MtoPzLajFbZuK24/Mj/qAY/eUIQTFZUgFkmCK1yGjitIAuO+nUrVAby/VBxJPN0fQcLTdy1Tou3EqDwYGU0NKB0eCuZu3lRLSfeCkxnzQpgv8Aqv2XLgrRwVXKr14sV+6o1XYoUorQR1hghrKThgrQorsU9u4piK0LoJs9EbmomCNAhEkqgrf6Ci3Ba4g5REHLQcBom+8KUNaQdCypmKpFVghrhbVbRSyit9FbW0VsoTK8aOq7FWVYCsBD6tbNTaVCJxT1olQXEpuiBL3VmHRGLh7TQ0iXcyoNAru9BaQUHtitRxB3FaLwHN4K8HiKr6RxBjNV/wAK3/leL8q8Smx2KsHFWX4qy/FWX4rZuxWxOK2f8wWzarDVYb/PdWW9VYGJWxH89ls/kvF8/wDKleM45rdzKkOivK1yAOKA+kjwbNBS9ABwX1jBzCt6J+8tToVBzZhMYK3qypkK10Voq0cVaOKr1Vo4q0cVXqv3V2KuxX/ZUGK/dfovErTlbHumGXtnbGkVBmT+L9FRjfw/qp5Rx9/0UhH2UStd0twQbkxAIegJHRUoHkvE3iFN5jvWk6JJkFrPVo4r9VYGC2fwqwrA6KwOisjFWRiqDFU6qnVUVg4KbOim1uAVlqoFUj3KYQ6M87ea2hVCVJgWsfZQYIBRM0EPPytce61cpiqtPuqdQmh2qI1VcVPKMH4gtrPgSfkqPP4D/lbM++iFsvi/ZbP4v2Wz+IrZdStmMStmMStmPzFbP4v2U8n8QWydg0qw4fgVpw/C9bQ/Etr81tI/zkpE6UaZxzVDDiVQRUGyCn2A9vn5WuIcQtUh3JXqpV6bKJ5KjlZOKstHNW2+y2hVp2CvV6vV6q5WytpipOaqNVnqrHVWequxWlES3ZoMb7rSfrP3lQbLNPsZR25pX0Ro6nPz8qR9iptKk9wxW2dipvc5ANfA3xVoYq03EqeUH5VtDiv1JVgYKWR+FbH4VsfgWx+FbLorEFUj3W0KllPhVtuCm9vVW+itkqjiF9J/U6rfsrQyIElM54kxO4LWwF6Ec2V4yQIqCmvF48+KnI7wtVwKp1Cs/JVCZF01quHs5V6rWc0cyp5Ufz2Vp3s0rxn+c1sz0Wy/4rZfJbL/AIrZu6Ky8e4/VVeoafRVGYROqc2rVGQL23lD60hm5QJ7j8QzOyf2Z+fFQdqnetRwPIrxLxLXeENAj3U3jBXK7FeHFWmLaDBbQ4LaPW1ctoVtFbGCttwQdqnkjcM0bxNRM1pNkUdN0Xb1C5Df3Df7szdzpefFbjuRflIFrVJxb+IqWXOMVq5UYLVf1VjS/Etg7qpsI5qXzXixUy/FX4lUPVX9V4sSvF+Yq078yq78yAaTioKGGb7ppmiFokZj28k3jmaePnxnBQyjYoCFRcpFyk4qWUUsoqg+6nkQfda39I72WvkMoPwrWBbzBVtmK1MoPYq18v0Vfl+ir8v0V3T9Fd0VpvRCBB5Zo3HNolaDv/uepCn28mz7Lc7D90eelQqNxUZRvG7PQKyrKpmtLwqbGlbILVc9vJxWr/UZT3W1B5tXgKnkh7FTyLsU36tw5jNq1UCKZoXiigc8e1yT8pvOfJf2jz1ygDNa0gVVV7m0VVXKyFSCgaK2I7kSFIzU195TzTzRNFK7s6jSUYkRdI9jJ/2jz3ipnSKkwqLZBWirZVsqT4+y1hLuhOSAvF6hlJtQLVHNHPEqGaLa5piHNWdIqAbD2UcpLn2MkeHnnFe2eipniXNxV6kXqTiqx9kYtp2oFT7cSpdguZCPJawWtJamjDgjaB4z7Bb9l3nnIIQ3ZpFWyrRVVNx7MHCfAr6oQHFaJZ2oFTMiiZwUe6jnLT7dh7d4j55pXFQUbjmoqKiotZykI9ieT9ye490b5Icv9izjLzyBvXFaOVZEbwtTNUqpzwAmpwapjS5qQA7l2aHYr3uTP3h55EXKBqoEHmoFvu1R+kGCpFSAwVVHKZUO4AqDGqwVYKslUV6qqqvYfBSUFMqAiqZodxDsN5+exbnt6XAzUsmByTdSLlsxgtmrwpOV2aisqYVVVSd1W9TBU1JElSaqKisoGEO9ybvu+gWFobAbwjqMwUAwRU2hTBUnKThjnoFYVjNUhW1aUipDNQ4rxYquIQ7xvNOyX2Zj0ASspk3zi6MVwWqgOOZjd5U3uHVSypwX/kFT/qeitD3avAfYqzgSpNKoox/2mT0TUw9AaIrXOXDPk+aF8AVFUVM7SYUuCcOObHuCj3cQD9IDEIO3jz92rdDPP5I5sn/cmcVCHZA4o7sw9+xIKed/eFl9Qmg1bLz+LTWeZo3lONOSlma7cU1wudmn2Dzz4qKmqdkg0Q4d2FlMmb9bz7KkV0V9GXaTrlCMC4wWrS7NDPDSiOIU8jkyj9TTcVs3fmVFCSgGzjFRdMo3LwqU28sVCMrjvVrsFOgoOtCveZM8fn586NFV7OUwtVxc77RuUe2b6KYgiUezCM6haDjAXH7J3KDxAqozSEUYowrwRYUR3bTeL0Dv89A4qHc6sjJOi6JVUe1WahduqFs8ngVq5Nv5FOIHOGZyBHeELJnh57DcP891NGHdVVc5VygLu7MKwXJxHoSRzkcFqAwKKB7oyzGCN5URTu4p7Px+euHdBBsRK5VQ7mvZp3kPunz0924fezjuKIZgqd6zkfIP/8QAKhABAAIBAwIFBAMBAQAAAAAAAQARITFBUWFxEIGR0fChscHhUGDxIID/2gAIAQEAAT8h/wDXH21SBXuGp/YWhT1WM5Q1Ms/EeZMrlR7wngjWSNf7oUBU8MESzJ/Xd80IydG9qgcTIVEzuY48vmWw6xneNWoBlrUtB7yrrnLcX2j2oq8UlZO9W39afSG0lg7cw5YLo3e0ogQvTrL7HsJUrVbcRdVlHATdKdBasBGTcWkc7xXWZotlnqTQUMukh3Tvf/rAc2LeqczAUe6H1hZSIJDsYJYldslTIRfI0jUOGNMQFHTXQlTSQA6D2BFUGdhUtsYsBvKbvwNi8q5dViL/AKtq9xcjM9FsMo7VreRA8d0mW4AhUBcV35iPdjfLtCKDuGvOpsnIo0iioCFqudrl6kG3Ylhar+0JuFhzlCEQoyl9P6tn3Z033iyu88wgihpKqAN0VcRw7qhaHTS8IL3MpsHVXLBvn5QugW50YP0uyO4a14lbqLNdK7TBsoOXXRX7mKdUl3Tx/VM8Be26Rd5ndOkVO9dIIMYIJpgIcQm4k9xIlEuG5fPohpDAab4lAWXzEzs6g84L6k5rDuP9UxuXQ9Yha0yqZ6Y2/wCYQ4a+EwVG2lZHacrRHK1wK0c9ZbLPcHEDRjUbu39UTQAvFzHWMYylPH/Ap1+Hmw8CZcTQpat2+biDBd/KJNTrxNJ4NPPX+qCy4xrecVJ5+KCmLwpCb/PBLNSMgdS4qd+14HXj7xL77v6ShNSH9UC13rs6yooUOKuV3fy6Q2OiuPSTDUgaipP1Zn9hHLq3LAcdYuNSGek0DMMzeG/KUNNO0Qqiit+/9Uye3grmUIcI7ktbvPWPcDXBpKSb1qZkVE7XwsYKQVQvO4g0w2e1iG6qQwHtQzqHHpKK70uFYb9j+qnUC7PTw7dcuznJMQgK4S6VVbXWCa0iNoeUK4agfiTLU9RghMYqHSPFrBmmXZCxslNwyxxw/quWxWdQpaxS0NPpNIJqsvWDUvkQY1Gyx+mQqh3PCWk60eXpDLbGBuDDWNZGWlQayjq6n9VseRH4ti1rCVmbgBlCJq4JoALiWsu0u3i4xSZqA5BWdZg006zIVGxeT+rMtfZKRiklLN0jkhuS4sXJ1mgBPYWpQFaQlVCeXLqVyF1jF2+lRjiicN/1Ume8QhxQq+rnchuJmGnzCO7t3EtTC8xni9RHmXXgJ4PhUTlYNOjA0JSP3z/VqFCkB5Lj3EVkNBEuD1NRhO0MTAX6TiYzDYraJWdfApwQ1+nhZPhk6xc8gXWPKAmFYn9UsVsXNl7WoKzXcn06RFoSaLftNCViZlwyefGsF5lVLDxbLWDWGm0LGHzbv6ppdjW7SyDvRtW8G7xs8QzWU6Q+YiowWwQiyxEq6VmqWOkHyN5QcRI2hJX2n9SUNZTQDtNYIHTlWNA0vMdrNm4jPdIeEPCuhaoh2lVVBTeyXGTJK0e1Z9GDEy8VFuDKap8BcrdHrBHT+l6azUBCMvMzUq+KTXgUpUZpR3jDTrBHxAeAuTEelxMZSYrrVqc1OUOAZcIWy/WXW21l6gzUdZm1WHrF0YIF3TX5MYmwsf6MAtUTLg9YvbyRbc97iucnVR2F2EudvkEpti5bzAAd/AnICYsD03ixz4SW7d49b2SjyysNesPCThrCqObW1H/WKOowUO7nwZcLoDLggU0HWWBjY2O/EsRkx3f0UkBvjgMA1jRNvn7mGq03GSCb3aP1Cdd+cZzgfu5SpXnM2SgKQHOi9I906xsiV4+8FKr40Ytsdicj7+FXiVlUb9t45YcOZucfOYgVi0DEmbUnFPqqt5N/DXwGKItRAoRfF/DNGQE0PzzlHht2p2/ojYt9Xgm6lhPm8vGK7H7fO11HPf8AExWF3PaZLC+d5fj8v3L9Gs9h2HtEevlqfaXmWc1f3uN2o4WJRlWuu3u+xFBsHy+j5xCiVOkaZpz01nHDNWyqpbQD2XBmXKdT594JVoFOmn0slWqGijLpOb6k+Ujf8u7iGh4mXBC3NiTPNh877G/27xQ2aQ0vjoekvqgBcGjFzlOQ4d/6EtFylCrd3Q/JCMEWsyunJ01NrlZRN12Pzn7QXupNmCzO9hfxLVivf3QpwTuTsvP9S75H1iryPI/ceVHm3ke0QVfAivH1+aStoYqFNEKGOIixx26oUfQcVdD2lGoJUFW8ulqz/c90s+D7zRq9fdK/Z90oCgLbv1lbC9HvC78mv7SzbE5yhQkqcgIGtjg317RgNbJuerfsQug0Tig8tD5iAXQQlOI0ef7v+hCjLMfqB8+XNIEzon2epLobOWHl9nncx9Sdsu4Md0G6rpWlQq4cZy19oh4XZ95wPkWdd7P2nJ80dG/Sj8zDT4HWZQ/D+0LFfpPx4KL+/wDWYaef+s/0f1KQpKrg/KH8Qkch7h4NWK9ZuG8GpXcjawyyj1mrquxFgZ8gPOVvOh92Kw/U/oWYg1Ss2+oO3PaYC0bMZ68SqF6L2e0tRndul+06j+bNzTJStH/JqFFb5+8TAI5vT0lHDf1nXDpedYEZc+ZiV4u8V7n1nU+SZsPIEu9llNfvTD2FzgL5B+Z0Pl+09i/GWfejTcWOnaAKTLFznLbc71O8/bUZq71ShkAzt7/qB2dGKrB5TZFcZqvaCq4vT4/gY7stnH5e0t/hDl4MW8wfzi7ItzT9R7eK1vT58uZTfC+ZheHmoOl/jtCoKq3ZubSmwu9/SVoUYylNescFZjSzLKcjaVvqVR3tJeWYLr2ozLCVD0jRDTrrNdQ2MSwxZ8pcfguDdHRxEry6Q2DzpNXh7JU0rA8LRgVWhOU2cxUSmSqU47yzCBxMquj7ymyuGtYgMJ5jRJs4TER25mVX39oONY2U+56THZzuc+almVNZKfia/wC+F65+Jr+Mz2r+ce2rA21lYVydu255Sjg1A30+EbbMyny5froAaoN54yemEN42lj7Iew5u4L7RRJyHo9o69dOPtLFNuXD2h/nH4mHE7TN18vHeZCspwb+sGEsybnEKjpyQNq0t4qcjs8TKJDTWhtKer6wGcmWjU0F1OkYs1SLV9v3DQOty68yJwfGxt0zGQK2tD85lYq0csy2N29/3DKB1ukyL6E48vBWvnB9qgbxQgj/NZA2hpPoT+4iUA15lKx43uEU0LKxS3NMxlFsURKt6Vty62iLdsRr8uByhHVwN5e3E78Upt6cVHUVXlOFjpUA8zr/JZBcn8Q0SaOVFhxAyy0ps/iZmWCYWhmMuzGIEwz0imgVpcEQcNP0gWlcMoPoZjC7xPSDArAxCUCyxdRcpLrk9WFBQNPZlFJ4RpdiceBVT18yavC4v5oQ4Y1VBuV+ITaV1CLjNpRUnMcWaQ0g45PjuwpvA+NWpzheB/Aird+Re0w0v2o/M5T3Etz3XS+esfne8E/ar7zOB+Z7QR72MNnrso0+t7y3X6kf6/ujzbtGzWC9z8n2ES6qfHEAF2WuH2I1Ded3hAAoNaUe03YHI/v8AuXq+r/sfPBA+7+IQHmn2UQhTgqDbYeafHpQA0iDAD+aBdR0uJoRxh+jj0mmcSlfez6xs7u8PoTDc2MTFaDL68E0j1YmjD7tyxdZb6+nUQ18GHPr8KdyF3HPUPRKodCPRIJD0yNhr1ErXFLSGC8oRN2iQzdKlC6Lh9Hz9iNd+Uy9VDsRxavslFtE8f6lTE6Lb+oCxiWrjay+T+ftZC62hkuW/Euz3CjYU3w0jYUDolfosfqLZtrK0sOn7gVy709kdsPc/lmXC+SJaPz/SW0/CV3kp+2KV+FPlMXbyjPhPgat/r+p8D9o0fc/WXQGb8B7wo96ZX6EJTR0sox8PKrCUQqcAzPqOrUxUZ1yypflIP3VFNiusq78FB0/nxfZjYynmgWvQFynB5j+YQmDFZuDXpBS/O4/klPoj7LKKm/D8QjnfwnLwcuMen8Qcb1xT5PxL8Pj0nz+zL/J+06R8eJ0vrhQ+N5kNydouivnZn7QPzK/SnJq+e04DprM41Yaq59SaeH6BB+dG7M/X0azCEjfk9Zj4Ne8TSGduH+f+gloI/l8yTHn+v59pqNfP3qHv8HvLTVz8JaCCxaMqMfY/EFwr3nh9U94BhDyTcN2GdUit7N8/ohbr9EOLNfrQOHKumPd7z8g1GzCz/B+06747zrz56zFp5nKZUrwaAW70IUP9A7EsNBDLbmWVcL0mNYt13Amwd76S8fBfY/n8OxL8RmGX3EPudH5lX8+GV3pWUspyIy49X7QXr61F/A9WUdX7A+0A1zBxu/HM65HzH2nyj2ju+GPL6SfmH4Q5wC9UYX0fMSja85+YDdLn/U1TX56wzHaARtRcQs5DKnzhSiwKMEtljBse9X0IA5T9iVho879I+QqXtLR0fVFTq0TQDu/nkimtRJl65L0m9P1Hq+0qmzzhxkPOYGaaoky2o5ha1188TH6U+8Pqexf5T4gfaYalHb8x+xZT1+HlMv4PtmzaL9syMQXPwL+WWKIvrPxGLcG7/sEM6ymJRg4YAMyuauwHrFRQVrP1mUWVUMX1l5ci8DRRFDWaZoTJ6yFLEshyqdn+esV6yxR0RYy1B2NPTDHHol/BeLtlQs0vBmsdjvYVlBqU1MigFUX6RT/MZyegz/KZ8pGXXytIgtDoAY142Agg8wWvhRlSDjpaMpiWWreBbXa40LIh8CakGDB6zLwMsHz7/A89nz/nrFOsbi+ZaRhZWS7lfQQJ9zghf7/94VXcqkCz6ye3I1Xu73lTBO37TsPSXY8ypvCh/oT0vXObWLrCH+hn+lhtVHW7TAtYtyQ+ibjEQR678QCWRLNYjminADLPDHgSlkqI3xb9P3DAlE7Bg2Wfzpv1yPAg3mRxTcUuB5xHR+RP0NmjPqw0EY+iWDVX1Ta8/T7VBA6PMfvDYziz8wBp6SHQ4OxLTJQa/LtFagOv6Q48mfiaagApllXMXtN+k5FNHhMCVxw7MccMJoOlakPBPBVQizKJdx7v+TIi+HWpPp/O59maX4D+0MhQYB1S5LT5iU3E5vqnIoLunlOE85zXPs7TLU9ioQkDRjuH7w0XaEvY8tPzNwfjxK/sBBQUxtwQGsp0rGktHCqzKZtlmUF00wbhnTBe9Voln/AEby0q4yY6HQ7bRpD1mZPguP536aJs/re3SPRt6ukfpFy/ZB95dvKO/gvxC0WGk9SBc4HrbyhvQsxu5lYHmlfQI1OZgFSgs6HakzaWWwophimhSax4BhZnREDDrj8XT4ZBNymdhlZBgDOJbUlvgJp/Kv529DVpL7qE34e+JYBIqpf7Er09SaBLGIuITK3c1COUvowLvCL/AOrtkNMReSmgNpdLYSrlkOt44mLFckRix9d5QwWkuYY9Ncp+cIl1vMsp8ko1fWcehDMfxhF+ZZQss4S3axXidjZ6Y/nDi9WhEXnKvtG0pEdm0G3+kd+ju+BQHWBhWNnpmda9po2OsoXQdYrxDqpg/wDLjTZQNGzDCeAz+ssfCs1iFkGqhqleAHVFXNhgkXsEpemyU3S3N/wkI13MmD3POVMqFz6z5WX/ADjCLhvByiK1KgaTD0YpqvnAuEs1Pn4KrQijaWcmoPsgqBaDoPKBqTV2MH/lMf6gbI1Ce02R96qNBbXMCt40llpZr41KiSPUSqmUHMz9VlcdO01xQb7JqX23+/zjg6BmqbSphZN6Y2TnJzXKStMILD90d3XaKdYmgvtKo/kJQOLNKly5cvxoOgYdfK2/gISG6wXPSF41SokPFqdoTmgzuo+o/nOMBGqf2mmR6CTNWe82TH3FFPeinMxaMzReBE7T1ZmLEUaI6ErOpOtKcwi5cuG5VSUXvp9pUBtF1XLEq1anBMMeA+CeNyt+HKaJlQbfc/nG3jKHQx0YKjVASK/M9Je3DjVHR+ZOCxw450J69RTzI03hH6ZxxUlykvuCY1udiEl+xi9ZpzAsTgW1LcABWsYqGtI7TWVLbnnOolj6fAGD4MYsyRwl9liGuYhrcV+/87di8pgmJYNPSY0Q4YTrPfZFBKbpcp0xs7O1yrT1o1eXznSx2PWct/Sdb9JS2JwU847T5kq0TtBtPgfLRT1yXDK6zHSPYltq+kvg9Z53nMyfDx/wzFaWq3wPMJpVrEW1R/O7FT0luiRHNTZ7Zm/y2+ULYtOUMUezSY7R2smxfama76D+/Cm9nyz9puK88Q/cSu/0R3KeUs2qBbHqJX7Zkn7YbJekHknMva4SRx+lDUHAahEOI7XrCGsPCTDIrh4NUJllrDMstu3kP9A6WksvYHhW0dLBXXmFFNjUKB3+yPN8wOJRqIaxoMCEbIfWPU+ub9BeIs36FE02lIFGD53G4KBOmB24mGrDsTXVXuzeoiGJqcLG9KxDKwM6TJpA9/Ds38DxBvCDUdKKWcj/AEAv8ClLqPXSbgaYizcH3hSqOyZYLpoI7R5zU5Qdg7SuH1mNiUsLOQnSFENZg6fh8DE6w0zDOZm1wMtDoSgcMr/kKglw8KdUBNIA2hP8+YSm7vHEzm49ZkXS3UwlmBhYurZLX0QwKAS2FSt8GVb8LmkNHZErxsHwfwcn/GpjFcIPy9fC1XBcQuPDfxG80ly4MIpS1WcRnGRX88wa6VBjFAscQIuViZI6j617xOGqrwhDbxBriUWyDjvKL39pmi07yy2jwQug8b6lfrGDrkl5jicY0ecomq7x93pOUd4Q6EUZ2zUmo0Kggm0PAQguJoVLhKhBmmVHFEbUGpVZ0f57SLKo9dByOOI22Q5iqtZdXBgil265nNKSgNYDQcV0yKEC3qi3DKSH3HtNtzqwXMCYdNFls9JaWtDEhGjENZV2tfrM4rrxu2H5g78Bs2YPqoF5tgSsRxfDNZqrE3BSB9ZUDxrwVBlQlQ8Zle6YPCf6/nhsAWGya5wVWQatpVFU6EUVKXTtHA9PCROSGcRY1Zq13Y+czGAaEXVNaqIL1mAOsECByVrHHXOGFNAHzZUbgfzF0g2DraMsGCU9bmpengiJFN6RYBtpTP6hgBUtrZ8LDwB4KleAlQiPMRtXEMfQD/O08m0d55S8tB6Tr4FHMvhHYjhxMJZFsbcj1m4Ly3DQ6r0iQc1mOpNOiX30msW2IrobusxPzD6UBkj2os1XRP3jrPqgPQ8GmLrRKOw/PSeZQmqaJX/NeGpi7Kv7yzldOemP52zDu/R7R9SNLE6y8TBB6IUxcXWOphK0NWecAWBV6yxszcwb8s1mkE15jmoiKRRiwRqX/tMOVM7MJZ340gZWa66xnMVcvwPAJIP+L0DilDm/uH87pnQmqU2YMyhM3mZZE1QxMDM7GLlz0lFgFWkGDLWZgxD9JonqeJS2mQuEG2gZoR4pWgHhxS2UQCEHkEd9ku4eGkGEDB8HEg1syj8KgL2f51CHeaGamt1NzwbE1yvtLLDOZBuTFm0BmJVQzxmauJNbHLpUPd0lhOxCwLiAstlgtFwxwVFSM+q+Fgb3gDRntLlLYjh0h2gy7lS4QQPggb4f50uLuxMvaBg6R5JbWnpEtwYlrSpShxB0lygh1hZ+srk4uaTxEmvYxDtzBohrMEG2CA05iCB0nSICjW/AmQvzmbAInze8NYS5fgHXwuHgBzMk+FfwH//aAAwDAQACAAMAAAAQAAAAAAAAAAAAAAAAAAAAAAAAAAAAAAAAAAAAAAAAAAAAAAAAAAAAAAAAAAAAAAAAAAAAAAAAAAAAAAAAAAAAAAAAAAAAAAAAAAAAAAAAAAAAAAAAAAAAAAAOyCIAAAAAAAAAAAAAAAAAAAAAAAAAAAAAAAAAAAAAAAAAAAAAOQhXZiAAAAAAAAAAAAAAAAAAAAAAAAAAAAAAAAAAAAAAAAAAAeLH4xp5gAAAAAAAAAAAAAAAAAAAAAAAAAAAAAAAAAAAAAAAAAEKcoIrF17AAAAAAAAAAAAAAAAAAAAAAAAAAAAAAAAAAAAAAAAAAjOAuAH09AAAAAAAAAAAAAAAAAAAAAAAAAAAAAAAAAAAAAAAAAAGOHPGwaAAAAAAAAAAAAAAAAAAAAAAAAAAAAAAAAAAAAAAAAAAAlcjwYnOhAAAAAAAAAAAAAAAAAAAAAAAAAAAAAAAAAAAAAAAAAAGUYNITo0CAAAAAAAAAAAAAAAAAAAAAAAAAAAAAAAAAAAAAAAAAAyH/wD/ADdyAAAAAAAAAAAAAAAAAAAAAAAAAAAAAAAAAAAAAAAAAAAmpcjDM0qQAAAAAAAAAAAAAAAAAAAAAAAAAAAAAAAAAAAAAAAASYORacl478QQAAAAAAAAAAAAAAAAAAAAAAAAAAAAAAAAAAAAmwLuLn5SVCBb1E0AAAAAAAAAAAAAAAAAAAAAAAAAAAAAAAAAXp+BTIGdp3dZr0+10gAAAAAAAAAAAAAAAAAAAAAAAAAAAAAAACEIvGyfiaJHmlwLYreAAAAAAAAAAAAAAAAAAAAAAAAAAAAAAAAA6QfrgI+7/cep7UwsgkCQAAAAAAAAAAAAAAAAAAAAAAAAAAAAADz6e1zpZ1yATQPJjvlIiCwgAAAAAAAAAAAAAAAAAAAAAAAAAAAA2P70hfCX3cOH3pQlg4FCAAAAAAAAAAAAAAAAAAAAAAAAAAAAAAHrpbQiBU0cklfPAfC6sAAAAAAAAAAAAAAAAAAAAAAAAAAAAAAAFUBG3AyQGDqm4Np1FU4gAAAAAAAAAAAAAAAAAAAAAAAAAAAAAASeN2k+dfdENEcyV5ApyIAAAAAAAAAAAAAAAAAAAAAAAAAAAAABPmMP9wXXynDG2+eCOUnEAAAAAAAAAAAAAAAAAAAAAAAAAAAAAAiT8mZZMVDYVIzulIfg0UAAAAAAAAAAAAAAAAAAAAAAAAAAAAAFUnJm6o+XumTbIAaxLQ9kAAAAAAAAAAAAAAAAAAAAAAAAAAAAACYbWUrq2rFJA78GxOgSNsAAAAAAAAAAAAAAAAAAAAAAAAAAAABY93jJFa3D4O0LZIz9aYZsAAAAAAAAAAAAAAAAAAAAAAAAAAAAACNHan6JhGtPMlXR7bWvLUAAAAAAAAAAAAAAAAAAAAAAAAAAAAAAAAoiazHZlnWuPjwPypZWUAAAAAAAAAAAAAAAAAAAAAAAAAAAAAAT2GelScUD0/i7ciq+td0AAAAAAAAAAAAAAAAAAAAAAAAAAAAAAf42fKSOj10Vg5WLYefdkgAAAAAAAAAAAAAAAAAAAAAAAAAAAAAMVBdSD070l3sywBRUca4gAAAAAAAAAAAAAAAAAAAAAAAAAAAAAPr8RumF2ZilDwLniWm3asAAAAAAAAAAAAAAAAAAAAAAAAAAAAAD0AIGJ1z4PyB3+KADxyMIAAAAAAAAAAAAAAD/xAAqEQACAQIFAgYDAQEAAAAAAAAAAREhMRBBUFHwYaFxgZGx0eEgQPHBYP/aAAgBAwEBPxD/ALiNQgSpqKSmQKETaHpyUuELSWOk7Hg2OK6csiuBILCUqTZs01CrEnMSkoUogiTGlSgaZYRYIjyIcyJEhIoC6ZaHIzSYyU8GQqdheQ0taa9oMhKYZEuXkjREIcKg06aTacoQ6jdkyrq6EzoZmm2cWUUjqEJgJqQ9omo2VHo6YS5sQsZZMMLBIGpUaxMyRJ2DUX0JKXBkr+/QhvIgVz9zzQhUuNqjwZWUWkKCb+BD6+n1jTVYiTEaEiq2NRR2IpX/AEo2KcX0eT55EvZ+om05jnqNOIin8+BykNc9epGznqT2GJOnckkiozYm9/QWGWg0CY57fBCyQm8id3sOefwqv6xvr3ZDf3+Sj59kLiEtnYaW2KaSglrUHJ10G0rngUdYIrYS6djy7ClZdiWufZLn9Knf2Lv58FeNfBV5+wkPCY2XOhVvP2FSjQZMTuKruNqw8DPA+eZDZ88yFs+eZC2fPMhf1gR3c8xpLJkZQIWRKCWfPUZFcQ0LQLCXxfA+KjS1e4427EhGIhiIunPM4R9krZjSFcRdPqOdg2bkJGgQrJGzGtxTC+/8J3dvkr17I8T9folvx5Et3x4Et5v1Kr+Inf2HG77DKoUqIUwiUGXqW6BZI3ymCVKD6iN3PQps+5C2ZTZ9yU9+5IpYaS8A1oQG1XPDkg2hVg7kDxoWep8xHlmmvUmucJOMsTre7EUBsn2Cl6F4GplkTGAt4D/fSVAodE6A37m0w8svoPngNGT1+y8KfATKHVFTIY4oHNwdgOKKgqKB/vJTRESclMTE2Ku7EuaSjQMklEEDilmXF2E2EjknwU0lQgZJaDIpgTuNUJLMbWQ8oI0N2xaTUPCBMKg9kS5GJKC/faGdQyZKHIWTNipQ2JiaZSolOiIIioycYFoKysiKo5QSEOQUKHgyyMg9gmJnMhFydVwNdE01E1EisRTsnsTHdDYx3/B4S/xegSyYwK6D8J3EyJIVWTXRW4QlmxpwugTbkxA6Em5YmGnkQxajQxaI2BYq+Dxl4jizRHpgnhUUzg3TBIqyN2RigzlA8r8n+9kwX4O47DwWJWLP1v/EACoRAAMAAAQEBgMBAQEAAAAAAAABERAhMVFBUGGhIHGBkeHwQLHR8WDB/9oACAECAQE/EP8At4QnL4XwNcsSGjRKITvL24hzRFtYRLli+VIaDKyI4MY0j5YhKG7gMbMQ82MmozjlnGG1ssiKINmoNm8B8raqg1URAeYI3lxG8RIsHytNo81lLFEETXiLMSLB8rlWY9CbxtaISLMfF8q1Q38KFmNjKOTEsTWjk8DcderFbMkIY2Q0G2yNslDQiSqwTqKmquRMTN0tu3t8lb9id32EqKRSos8LWYzLXQkTgLYCUywWMJcbvIpOFlWTE9EZTgeR7nSFPVPb5G7UfYPYmZ9Bt/g83Y83YTdX7FKbg9pIfIbKs8NouIlCrRdjzfZnRZdj++p5H2Js7n0vwfS/AlWa74QbDmQuqZKUS5DFh5niOdROgaLV9xb3c6ncpg0advgrbs/4Nvq+BqtRqjwajJmU5C47obEZG1N1L9kL/Cdydydzrfo636Ot+hJuebsPQ9Dj1v70FpArOC28gM2oqEjyL7fspahbnt/Cd330J3f30J3ffQ6zt/COH6/zA3/j5Fahj0wfOAhIhTkEjbCVwHm0Ra2G25n3K6+zK6+xW5W55T0jPUa4NVKohqZGvkFuJ0hMhmcaF0oSo8/Y8/Y8/Y8/Y896CtEqjHGbgDoQeE9fz7TqI/8AAetew3fB/I+AF1HsP6o669vk6q9vk8v2+S04JVZ7gnRiFIhUeh5vkBoy02mzaC3TfSErXvFxr99RnL9PgZ4r1/0yQZVaDXFGbESVhRIrjZl5AzCc60NbBrgF6FDNE0I2gpSaeqGe2mo0lIqEMGpDIK0ugo01yBoGxMUMVENZjS5qUomaodcUIzFuJ8FFrg/znoQaZGNQ+kD5DgsNQQ01qZ3G5ZsrZxPAlfIYQqoUuJAbEZnsdRoIr7jMRit0GIIJMXyCwbWMepUIncSI4iEkNTwTIi8L5AkoS6YH2ccdBoEbeQgSLUWIl8R/npWWKISLDLUo+CSE5ZklENOAmuJQ6gtDWfhf56VSDxemCxaRETlBDrckS3g1hkOQ1QlmxCDJF2Q71CqaLPEf52t4MuPBC1ELBj05E8Y/wP/EACoQAQACAgEDBAEFAQEBAQAAAAEAESExQVFhcYGRobHBUGDR4fAQ8SCA/9oACAEBAAE/EP8A9cd/egU1vEqzK0qHg/cNU/8Aora9ZnkIDQGvF6/uWFgHEMipzlboZm7SUSwe5UJcStevURZ8kUG7OYdS9NdmAkEyI2P7dxEzYLVWgDlioXBrd5h1zt6x9kgtj3Y6clvOpmVtnZdTGCA7TTYGgZdECAZA5XfxCkgobJ00TrZL5/ygPgKcZzXmUTZrkXRNn7Z1GTwSeExbvrzBXj43FkbYA534gQttZvLaTrnI3e7xBq8yrC9KgiZuXPY9YYWQpFO9fncMArNCHqurjKVkHcd5YooTH0QO0Muq07DSORhAglTdih5GsP7YIYd1qqryeh2ltERzXjs9YUgTj6Xq7cGoBYKKydjbxK7BoAC4HGyXcq2WPbuAYez8R892oJbuMLM0O8PmVih1AOal6QHDQ9C+ktCgFjbq/DKJrUXAjSXix7kxPBTpp6/ta/paydfLwdZTdW8ovfWjp2jCAtLqnKdYBsKE7z9xSVYF6Z3jnvCQpQpa5JjiVygCcg6P2SgxBkXOEs19ykLrVrRPJXrLHS1jWOkamp9A5Dgg7ZEFtkACoGbbadb1BkGdwgWlXYI+8DKuoQBRUeuyu/7WY3OxkZ5D8ekROK7LVzUu9yjW5clIHJAKAHBVd/MxAVzt7SxBNq1maBmoUHrM860DXfNH4hGUvbqtcd4WwsUNZPmPqU5SjPQ6EVQRw6dC+Y3FpegRtkgUOo+pZ6O8GnoQ9CbdnH7UJGvIrYMXXeptp9iZs3T1j7csSBANXeBh4lU4qpUqobpiBCiFX2bfmZkKWVPWFygtCE8IyRbMBXYlxrCKzyPaZgUbatW+vMQ8sA46hEQDTPKHL6nz+1KiLTXSF0d/7mf/AGmRriX6CDWiOgQqwyirghXMtOIzCXHFkaGThqDTRyGB8xlzb5F+JaUM7ab8T2F75jWcQfwHWOy1EBu2b71+1AEW0tgtx43FpyU40MTQjlqNBAOkp1FeFxEaVlr4zimWmsQ6VTHZDTzKcy+GsTlKqKaOoeSGSeOI8L+6uVap7WkD3/amIEKacVCFLxp1jjBZq7u/WIDEAiDlgOGAF9WO3RZhgdXC5WE1bzgr7mQR3KgGKu5FQbK+Yis4qhWr/wBqOMhFI1Rnyv8AErZTfa3aYDmrYYK/adhBuqxVN9CMGktlB1/cT4AdnCP5INFGEtxFrzLWCFSZJcxj8QIpG7tw9YwR1XFe7+Iw5ZRl/EG331XUaoWy0CqS2AoWzzRlVsm0u3gPWosRRYqlAryrjoftRwxa89Mh6pUYhbqZI6uHfEH8ymWoGYDq3RdNdalzaqA1gLd1N0xsSVdWcTAtjWoKqzLgf6ijLPMN3uinTMyFUpo4Dv1YgFRhTLLhgjWcokm2C7aewgYRW6znpG5YSCkIZezx47ftTcUEQBeS59DfokuXOCuukgzOEDcHFj6+8cwcKxYchimHcrkAJ2Xz4IBCobzlW4M4MXL4lojPF/YQaTNjcHoYj6qKiL5h7TKOMMWHK+YhJsA89L6QmNIp6bV63j1mz9qVDZK1UNnXxEciizVpjqo3zMgiaRii6DOF/DDxrDHBKalwA2xmLLIasjNGnY1AGiZmoSEjhcr8AoapVFtcygZhdyFxEWdBqx1jmMtluzQGfUp9f2qTWkIqsKlS9CNUQC49GwZWDiMXyFlEG1TNHMbKBeTzFGIUyx3HOJydbcy+gWVbMLsZWXRt7REjfE0VidbMftbmoMH3EU6CNGs1FarxDCShcpqBGzNyGukaG4MZteDuXicZwthLng7Z7S47RA5YeMuZmKaO9BEHHU2Cox6cxE1bjCmS+zZ6ftULRBWY1yxt+IRwbk2dxljEtWHPSohWhof0iwEgYwpXupWGK7dYafOu10j37wqmJug+5Sh54JtqO8KWVhhgpmRL6leNwLgCxdmM+WUTt+1kIzvu5gOpgX1lWD21o0jL6UWNQNj0fxGqqi2DndXBBnGqgb8R9QaBQJz5WViBZ1LnJE5RUdFjy+jL1HC4RnVy0bZbZLyuolwFrlrE/ahVSmVtazMIioWatvHWEGFTttD3FyesuW9FpiFUOqSKrheYtkHWKHAupYxWviKrbYIQSAg5JyHF9SXx0xGQ6EYOzytnEq5tWAZlt6OPDBEEbH9p9cxyo23Dota64qEzTfC5kDtOZDn5dHs/EVMIhqCl0iK0/UWxnDLyMAam1KFvpLFXqZS5ABaixK7WiSkpkKvsQAFuHYLzorAYf2kBaA6rGlfDM9R2z2lGQYQR7C/cCYSheTEdjbKdWDQ8ToS4ZTU7QKzAf8bs1AtYNV69owotYPkR1ZwHY6XuKsGVor1r/wBjAWNutPk9IcPqNmJnmoOxnnjh4i4PPALGoTeiIBaE7N/stQWgO8Hs3rKEx64PiIlbeTj1ZUhogLrTnfMQkRbIUydTUQBQ4/7RlCuF0l6Ylf5SsviZTAcBo/1RmE7EVaObEXUWU+qXTMahQMIdspKmkUT1GXRfxLlkNqtrHrIeRXAaZT8gwlKZzD6pFclyrB7nvcH+f1wl/sZOUOVjYOBpJVMxQnq/BFm++tiNL3VPyweUuUX3HKd2pkmNAgq+vWJaKpmbdHFfxzKzAqVbednhitk+dB/cqATyQV6jdJRto7vCaEo7V/L4iA3UUFUHiEwAZTQG2UUjdgfP63GozoI8056YluQvcf5ivZrsGx8VBx/ESoHMKgEDKLgdVwRmYs5ExyOIjQNW6XQcviZBcUvcPZv9ihsN2zQ4f9wwiyGRruvocPahqIBF5F7Dmr8Y6Ylh4b/7xxnsBfxM5hOsIEEfzX8wRwD1J9sFmVkU/M3HQ1Vb7dj/AHeILhGz1R4cuvmObtN0wLInRiO110FkcwDAHL7zAiwqiJllZy2uB4A9peaQZhSqroVYOaEUM1mAn2OhYpnYyJqw2Ry64ASuLz1rpdSjC91H8xJCXC8fmWwL8yAvD4oIX2g250wrAHrOpWhMG748wACcbB7G33cRWA2ordlafBaWbEmw6jYOGkXZ+xGNwQ2e541fQV4h4ZyrSpnZww43hIXwnWgTh4B7ekKW7WhWvQYgFVGK/KEUzR1GM2XnI6hBusCWGFQJvupfyl8LOgx6UIlCnbY9YAJUUAPDGhauiPikLRUJqtuWpoAhdtiliVq/NAq93aUCXaM8XreolKQMZULz9RVBF6BfNfcekhYjI4a85Md4dDV5yuGHoxDig7rW/J8I5XpGVWVeS3srpMCkVRUNBWiBAqV0WKFEibZGUFousdB23MayvWG2d2WlA5oJRnqcFr/X8oQXibpg46Du0eCKjh1T6Jr0DpCzZxkOu47HsbY1IIt4R6In7CBE0BbHvLqZMY7ta+zIqmVidYY55K8uCyUkeNgO8KmN8Od2gZt6l9fXcfTqdF8Q3n0QfaVvoD+rmPFHOS/EZmr0FPmoLJkKtm+CMF+AisYbssD7ESI3d5d6vfUB4vrAUV3CvCt3vse0NBXnocneoVsUBL7PoteSPjCBboacf6xIBFsEAor0+oqF6UQa6Xd8EdLggqYrcZYWOg7UPG3fFDVZDZJrTlzDKD1Yb0R0PuYQLSA1PRxhiMsnCVwxK/AYgDWxHVhdt8MTgB5N0crj7JcI2ynh6Hm3MafM2E8WL7ASs7XLsPJx+wilCjGdZlFYjduSsJ36JfowWqy13rocnWL3bqjM+hd0OvcHgMhrheV+2Lz5FHjECChc3nyV8xK5SFMba4b+I22xZUKEg5f+lX4haW/tXwM4/dj5kI0d+t9Q406jCqVSZpNfeWtZ6vI/hgSZL0f1mzAOgeBq7z3uC3JPdxZvB9ya4i8w0FuzqzFLqxn/AFRRr1K/shSW/GsByA5ySrlLkQYe4+IFbI8Dai6L4jGpQlfNxij2Vv3KJgKzq2xxkwevEJsHZKHZce2DtKVXhWn0XWexUPO77JM+3rLlFwbCr9hGgIQJYmsnMuGU8Wy6N07vuDhnZsHDDa8+7qN73Vqt+zPKw9miD8mVMuSAlZaXDflO+WeR5SizXJRSs9Cke1aGm+to1iqzBT2VGg3xQt+7BBY2f+CFGUMmr7TnJ6I+RG4+Iko1tXVKrxqUYTThD1ohg8RSj0xTKhTVjTXxGwp8GIE9x6LT1Ul7o95B5GKdJe6U/lLuWpwB+cI63csn5gkw71hh6IQ7u7x7QpFWCcV85ahN6Fm5DwGCIoWrSbtuUgqYAb96iFSKFa6RftFyIUSA7F15llQYDQexk9FviG0xYUA+KH+VywDmiTvdMeIt0+6nvzLWqdLPycf8qsKs2rgnPb3SyrrOk1+uKhayKs8LpPex08SplMqPnejvafCVQVcVK9k4dn0ZR8bnFapfcsekxZcIBosr/u+4NDOG077C4bSrS7zl8Q13su5dcERh2gF5x1cTA2rqpXxWCLTMbCuNGZYk6tGQvNalY5KpXjBuUodhwMM64ltpjVweuXpAwRCwaAd87lirVXWB8QcbbNgtqx10iSbgDTC+kUBbS8IDjzDlK14WpOLgwsDK1dcUwDqGjrxY73iLIBLrh8yzchRlr1iBtYQ5F3JmGV1lb3gALBTUY5QlrcMXNbrJai4st2Kbusni/EtIgBPfk+wY+2xhyloyLPZMIQ3aaXvb9oFOl2Xb40gOpaA7HtLFORAt2j/cGXZQ+Zp3yy/LDC6c8lb/ABEXA7oer19P1yn64PB/J7/mA6xYWovD5Sdo09q2S97Q+luoxZcMK0fDp4X01HVEpcINNXren/y+gXtQ8Jruxi3QKOabvZ+YNodFSS23tG5HNA031uUMNldEUVVK07Ecb0sM1uGHTCuhwDt1TQ9Lf4YMHVNeGkJCwCm5kxW4EobV1PDEUZBaDBBeAw/iZRj5vfpLCME2VCUDSZt0I1L3rejNWacmIsTxxB9xoLGC3OO8d6j17nEqq4fjKIPbNDy4mCKpSrmrWARChrtUyhXqkY1ZWwuXufUMCsd9u922nuQTxhSvPl9I5GpkV+z8xUDlviH+vM5PRX2Yqxy09dkCgzYCp078SrJFeT6JtHLxzNI5OOf1o1ctBTS+Fx6MIN3WnxOPlNcKFGPcd+ssWFs7OhVnUHXFRqURih3ta1Sl8EqaKmmKwu2+c34JZtwFh88BKcjttZ/ELEQAgsE3BQmt3QV+Zlho2ai0nxpV+i8kEDadw/zMvgWGqviBVVFJ0dsQAVtuivyVLh7bAHJxAiajFt4y1CgsmgF+MwGUqlrTnvKNnilnO0akzsZOniP15oBRQ3xBgAqwN/mYQfa2L9GXJApLfdpuAYUHI7HQI2BVt9D0e0w4uug48ygWVYG6O89YnmNgW+ofmYycswQy7zLCuFg4nOj4mXiVHL0kWIhoBqqu3O5dbtetQHi8GujM+1v7inTVVVrs/mI8noWBDgLG6Ks6zfevxWPm5r4ceKz+P1q3+qCnD3/3oxUOXkV3VrziDmQChzsOfZmA6zUugLZ5LjOwKYplovL9nxANIPABdtvp0xzM7b9AFeXDwQKuvkL55tGOoPkRttN3fBWLOg5N+WJqGOxbfeG12wKgNLTyGUBL3oILssmlN/Ew7Dzb+cs2ope2OgPWz4CXwAVdA6+MVjodDBXSiaKPyhce8Vvakiulh1W/mS+vOwPeGOnbsrD0T6hUwsA2KZGCyu5ikWrnQdBW8kJNUxLejBfaVZUfBIMc6N2+D+MfoQtSX3osYL0l8fehAaDRVUVGVTtZWe9TWIllM8DxiaRU2hk55mkMvPP60DN2hydHYnkZUiG0L5LeRFBbrL52PZL4hJY+eafmEvfSXeOe3nEwwpz7L46GKyZzRzDHIu2i/n5hSgRy6PeCtjGQt8wZkpyD7Qyi90F/MsvKHNJTy3in8xNyZ4/zBHJ8n8stizyP5lBXuw6zLGkTvP2jMXf5kMvwb/maSs/zrKuFLeR9wY6PcYpoY6Ks+oIhDimX6y3qDlYsR/M7jMHH4YmWCoVksszibaBZafH55QG9qi3+XEUdoiHoBARbca++UrTbuwXnIez0hYQKGofy/EC4UGFNeCbIrTl8/r5yXyaXZ45lIJdC0PRNkca8aX2o97mNPxXb7gfmVVXqnyggTWFCijNGD0ibB+Dn3R9QID2ym/bN+x3fX2JqKmCmz6LEGtnoHvK+mtUv8Ik4Pl/hMVwvxKbheDkKYrEx3WTuwaejsH8RLf7vqHrR7NOwhegfYl7lb/8AcimS9Wr6imoTij8GKqF9fjEqBbwqMFnUp45Im+TEu14zC+oXTO4RWjb/AMxD06UAL2sv2hrZ5cHzZj3jom+o5/LKBeNGf6iFQ5VwGVjKdiB+vsULbJKszIEQeEyfMvDvQT9ymIWmcAfAYoPiv8SpMQq44aFvvK9S8DP3+Yl3dGRafNs0lt/RkKgUOLJ2mvB/YZlBx3/IQIgVbD8MFKhbxlJqrK93+pLbu6EVzWbpM2NqOgS22+r+SL4BfRb9uMXibpvjMyWjdESSrtZCAGzadgflYpgd8KPtSutrOSfyS1wZWHZFAfiK0zYz34lB1QLEa5i0boWp1qwPWDDoqA2vVzOzas3/AFAW5XbtKC0hZwQgtpPian9G2Qwn6/1VZZiDJxQoncMnt2CZSE1Sp5Bsm8sfkfAghUmsXge2I2f7S5Mxm4XbTnUMZs4oIVKfpi+yUrQ9Rt60mcaf4qiFoK/32wxv+bxKhR9cE6iPekDkHG1E3C6UEvsPxPiU6OybPohn29A/KN5IuQO/hiC+Bsv2CVlZvc/MoFFg6N50WHl0hsWA8Mr5l3XMMlvvuOiHVJwVPO9exmEdKmjC+Dzl7xKHpvLEMlurK1AKhVq9Ag009eIYdCqPa2viEWp4g5KgPe1TrOodfyH1+vpQZRREuVei+zwzF1BzQfm09EgjXOKqeheYITi/6J6UED7tfE3yDBFrxRBsEdyuMIM/0wQCz4yVv3lRzfH0IYs5N3av5Inxi8N+4HyCrguPmBG+/BGCqPMCcCVow/EwWkPP+Y3ZFxX0IsWOTg/dxxhDn4BIm2On4qR07jhfkQBY6QrYolEcXfuGqr0APhh9YobRe1cxoaMDYOr4OxnxC7Qsq8XWXOdRjOWYGxmuRhESEBddB0PuJUDffkwP+XEUUAvzLaHrHCcge9g+rj1BH7jc0aY9up6OP14kbGB1lxFKKB6rw+sTdL0232uMwxG1H3UyHqYpUi3nNr0CCRvdCXd4UT5I2+gIRPS5QXadWnKiplqP1fiVIHwWfj7IsVY6hB8wpV38j75Xgf8Ax3cUBzpBrAQ7mFNHxT8RxmPrS/Ere6/iEULd4uh7Sp1CoHP9/wBxgmFUoxxpc5AW1l4jfsBv3JXkXCQttNsdU7D1iYQZfcqzXpEmipH+Z+IUQXCcx2aoMeC95l3QO0Zs2y6M1FqlRDqeyv4ldLMTgmK+t7N+/wCvNBUCx6RPQzlXdUWnsniNjmdlb6CvwTMTeUb9xMsL5ZAXpD6Y/JFw0N5wPQZcPvh7worFy2H2S0Nciv1UNogd7Ctvx38kqGEEwHHozmDo/wBKmIyd2YNUHeQix8zHYexf8y3Z2h/tLX0I/mGQzYgDKJXI8vMRTkWQzeOeh/UcNaYL1GgvZ5T+ZndbaFdzUq7nWCdlb49YuQtV0P8AnlzqIoCDtC7ckxK+Y1260SxuH6gIw6XHEtKneOj5D9eSSAGL1LXs9K/Zs8mJgpMFddPp6Qqi3+EWoe46a+yh2Seb6/CGSL1N/ibRuW78kzKB6lfTOzQyP2IkJvhgTZ5rfyx4X4ql8RdbHNv9MXR0aSBbYF8kjUu6R/oFH/JPxOmWOG/Eep2N376gMDUsp3UqIjSvPRffj0jNBSqrrLKrL6TFrNxeJeyPcp1l+iovzBUOz8wrOrMxK1EGhzLKAb2rLhfDD+iZqtiRnFJD4bgEliWfrtDphhmDz2mjQx47jKlXkSLZdNXfrAwZoEfkmW6JafTDIQ6WX1c4b8D/AESq8E/0Y4UO8T/ExZRuh9GHq8FPxDfJ3FzJ04T8xfUOFV8qCWqdAH2li6V4W471j0ZXmhX1iWFD0qObPcARhBdq3T0aEpm5hf0D2Yqb33uBXZYeVwkKWsLHXUJVwzcojRkNkTHULIxtbkBz6QesKcyvmAVmCtwC2WoeFq6+X+BE0JcSqTNT/wBlgfrpprQ5LxEYhnYHhYs7XXaYlnvwBqL8PzE+/md6eRK/o4l+z0UEcP2ZsvIg0vRTuD1qDbTsYxkupL4i3iK35qadDj6UwPW8M+qhvC/02hoCdQ+4S/On2kp58NOzJiAMS3awqEuxe3pCNNQqIr6QWkV2b08MwMnEu7lG5bh6QcJEXz9Eqbmu4d0EaY5D0wSzoCMhY+fTj4BEA3SCnuJ8Rqr/ALH66bwLngLg1dg2PRWnqx2z12ejfCd4jEHecJPWcJ95xD/wMuZ5S4L1mgXhmoUfn4GaR5o5e8KS0D65sIJutxffrxAzeCkCK9o1TBvfkIBSoB0PmEOSXmOCDg9eLju4qHRhhGoHBQYYEaUCSht3hgWZp1XbGMOExLzct0wvzFDQ2jB5dEf1CGwrsvUoN9bl2OxEhUzzc7Yh8P11XJTXZ3mSVjY17xyvJQ/NKEKAt67y/NcGq4e+3KTiChjB2KEOsGxjXCC8/wDFy5cuIJTkY4jercq6LzUKTNtz+kN9pie/+GY3igsatp4McQL8hpNjMi1M7gz1RO1Kgu4lVi8XBsaU4lm7FQsM9SEtEtVc3DjqAW0PCHKPsPtg956B+LmULP1ZuDcXui5AhWXvmZBtu+f6P1wWY/8AqRrFjE8n8R6AsHHcOQh2IsdGDHwAiVqnuNyroqhBqVC1KpUjlekFA+4nfCr3AUD81D63EFFBYM6lpLly5cL6w9u8TBk3wJKUlxNpbOkrW1t5iHEo1dRRg0w9ZeiagLniOFv/AJsZgSWYLDxY16TPwMjj6CXJpdLX1y/EFActY9G0eUl/KClROLcnJT1/5gPSgtGzlLebWrwB+7/XLpKEPb+5dRoR6blFKzxFF1R6oeir6ntMLfzNGl2JRoDkvU5ArEX2xjHLpHEJ6rUr+AmwfYlreAQuGpbjUMJDe4iZly5cGXMh08rqRHPaor8vaGpglthehdW9iAC6ALOsDcwhgvuww46BiecoNMq4So4hJGOYAoJ4iAgHI1HuuLWwZe9bOid5QcpRe8RLuYyXRovKr6+H65TXAN0jPPsUwCTcj0ekuYcwbh71NhHiJfwyuaSbUjmJ9Bt9iZJXXE9o7wPBomWV+WNAicVn8EqjttBNeKWIKVkyYHeX/oQQMGWS6/2f4ZYFUC9DnqvpYdnULZw+oLakxw27QElOxloEfEGBCEVKmNq4typ1e1N75lfRmCl7GVVcegp+a/XFaLyeycynnY8HhJl1mGRy1I3VDEa5Ah1V+ETbL643kT3zFkvoEc3LQWw8X0C/ASnV1Vj2J4noj6ifJO0g3CC6gesC8wggF2lF4/8ASJoUqlqLxpB8+jBt9FhmJXd5YVGV6EDfYZeC62LcAI2ORgwGXcslUy+sZsHaIMsqUS7MQnqEG5ir4frlbLfTpzLQm9cziHhTX8kU08YeeUrcPdgPeL1YhuQXwfuImd9LovKEoECJhBrleniWN08C/JdzU+7/ACjjXqkl1j9or+Ul14Hqb9o9c0IL8RtmeRgYeiZQ2qa195rEi2or125lawM2GD0L92ocgJnuDklvr+9+oKqHYw+7cCYz80Ja5hbwBhLT/gDzLEg/4ruEgOdsusUGB8zRQ9o8gC9cVh+u3nG2jZAb1NS8IMjgkRWThD5zBN07W3enUAR63jjoahLYVqpGivyj8wJudtfchs/w+EiVyu+f7m2/8ekXsA+V+SYZp9R/i4uBV3a+6gxm8BBbsnZ/0HSPKY8U+5KzE6hZDKFlNwOdkVWWeS4GQjTyvWGWnrhhrp90Re0P0zLY8AwXAXi+YYN08zuwghFQyCqsWdzMfP8AwaywxyaK5jiCuo3bX66krY5hsFHtLRX33KFD4IrNRMJdUF65hRqrIZ8GLMxlHQlKDapclcPW5RTn7A/hlasBvB+IoXa6FfzUGDIdRX7S3dld32qWMt4L+ZYZvp9QZlT1H5In38P6ZZegMZMJO4/JBUHep78+gfhlJlVyn8zqZ6CxnOeB+JQyXhPxCGB/xpY5dgwNyCaXlKglIGtypzAG4Q5mZuIYamiKgmB2Fk4L7Zl/aybeak969/2AS9NyDy8HvGR6jBgg4MFeO8KxZJtldDpG47cV8xQLUf8APKwwUXQCZmAyVYvPxCAbqMsXjFwNjI4tFfMW0B1v+UQC9I4t92AXbVQ8g9QnwWfUSGcM2YnusS2HFgfJFv4aVofiCCHMiKtUxagPbH3ivzQYAABb2iCwvScC0NSijp3/AMJ6ok5hbaR7QOsvMU5I7SlrtuG4LLm1TPbRFLwnGYixcZIBH/cfsC8l1KnFqv3lTV2WxpZ/JLUslPVxHMYzt8KX8wMDlzKKV/RqLLJF7zYSsusWgpCG0OD7j+Ilez2yjk+YsNgPCRgr42SjTeMrSesMJwZXS8TTwiQYY3f4/wAxW5syvaCKUykuK5KApTxLGDfCcwSqVeoKChFHmf6UI4SoECDDK1O4OFmeplB4lShapMMg8bPPtNYwe1l/r5LhS1yBU+VZmthcpuF6lxZDG1AeX8y7DDvAxR2xdek3nJywKEHWUp031a/Mq7xcIaYoxRXZ8ke0lEcUOyAb7QC1HoStnRPRbz7wL3YF7yTmDsLcyVF3WZkhbWaSM11WiGCy5oyy/YbTAzMD2hQGQ0dQYwXaN9byW8tMCJSIECCFzHB1YBk7jZh/xrEMgaFF20njB7PWHqan4psPZP15FaCV6FSjaLNYow33ghd6VeIhGBAmc0fF/WWslwqsfeI54opR9MIwta6zG2vcMAZeiM1GgT+INbKMVF1tzgMB+YhIVea4jbKQy56S4QAFr0V/EUlUKi3ZafiIMqMxjNARUK0T6laqwXsWr98RhdtcQiY+S4/SHQOsJQMmRlW/kw0HaVqltfRmFAEXd7H1v6hND6QLoi9KOIaCiZxZJpZFT/yBahuFudJ4afSKOpGobNOc1gvmn9eGaw/JK/MGrEgwb+jdQaMTjZ5o+XpABtHa67PXcZ7Os8y1mgNkw5N7eYka266wQa4AD3KUh6ZlqFPyM0HgA9gYrqy2KVKgPjKyFidoTXIL4uAlRRgIJt5+JYEZy/7UDafk4eqQyJWY0Oa4cwhZlj4A+A8o4WUp7F5PEtxlHAUw9k2G7mEoEq+sDU0fHWUTCgo+Jg0HNV5zEAo8GS8PvUEwAy36QKNtTClELEeRLExVHlMEjhuUDyRH91VKCBi918Dz+vNhGrYV481PMiUbqXx4YWoqqsbDtt1ccmAA8DUawMi4Rq5HOmNsLehcCug3iVssHXpKLmehblUW3DO8ZOHxEIKTFzLBAzuPSC6NFOOa6dpV2NjcSK8N3nMJWuTEFpiBFYsXro9dSjrJlfuJ9mH9xFMHUdJ3Iiwl5rdeZS1RMJ1xBCCZLhhAaQZm/D9vaWEDicApV87LYltpsmGHMtdcTI1FwwwiYUgxUFdQUxCuGkbDp2OKvsdZkaC+Ev8AXRuNSOwh+Y5RSs2LPEsMHqgPxLRu5/zFUpsTpAEVCksMBzVxmqdKbmTbuWeYYjPb1jUd1XxWD+YiURHYTZCrqt6y4dlKvOx/MvY4rfaCPiw1qPIFp+JaARvHpE0Z4qVbQUuD3I2ou6Hy2yek0FnHw7hiojbPuqjvkEoHhnLy3A1TkJvmAotznu3J9o1DhFMxyxQahK3ZCBcCBqYFyouNBSLpXNFrUREMrs2cu+P10XvUb+YEFeQZibeziUYMb08y1q5cQqXxuFlYbsriFyCnPeAtOHfMwEyVT13ErimAavHnjcoTUUL1w5lEsBSouvS7fUSMxYJTWbYAKaezBkOGpSS+mfWKaVeizVrhlVRUVmqi+l10cJkjw4uW22at4ga+2WAcVx1amuSwlyold+IyLDd2mFq75mglBLy5zLiLBCbnGZaWUm/bKa6X7RwrbStvL8/rogZmhepa19RCUxivmPaTMvCX1iVu76xVkxfOpS6d9I3RZjXEb6g9HtF2AazKsNsDbBf4mBdqp53A3ClusvsAHxp/mYbLpXjUFq8VkzC6AeBqbrSJQivbiDZi+tpKELrmPNlx4Kgl5Yq5AFh4gjiiEtQU3BkLsd5Gz6lKVyD1HJ9wguArxFDJMxR/8SjcyPAIYRgebIlmGMGkPf8AXboFVB7Qs6iqWGVgvZlNiHtqYQjzVe0uUb3TzFqxa5wVxFtlN4VC1ULpMzkjVFyippL3IMxQDkhWVvJ8wJjKUiYqKyttU9MlRIIUg71GCDlDeqdmFF4N7bgQsDl6QxbdfcEKM0p2ljrs8ss6THBmZ9igWzFZwdICVLTXrCrWrWTZCeoAtegoHsEoUuhgulV2Ykcr/iDadmYI/wCRf8RzBgwROtU/rjiOMtVleS6TmYg2tMf7vC0GI8lwzFsLnuhyWVvVwFIebjgp7PeAOtjV+82EuHkOmVhLKDLaflCEGWx9oKBWQnoykQKqER2CjxBA3vfpEopTKYgreCmpYowU1DKOhZgQVhqu0pHIytY2QDQVxFpOrzLKxoacNwCVgaPeMutqz6L/AIcYI1LO8+YV0TwxLDl1Jnb0uKAesaJiLh6RW3Z7Z/oH/9k=\" style=\"width: 50%; float: none;\" data-filename=\"african-american-student-girl-holding-books-white-background-african-american-student-girl-holding-books-isolated-white-136571775.jpg\" class=\"\"><br></p>', 0),
(9, '', '<p><i><b><u>KUMESHENYE</u></b></i></p><p><img src=\"data:image/jpeg;base64,/9j/4AAQSkZJRgABAQAAAQABAAD/2wCEAAkGBxISEhASEhIWFhUWFhkWFhgVFxcVEhcXGBUYFxcXFhUZHSogGBolGxYWITIhJSkrLi4uFx8zODMtNzQtLisBCgoKDg0OGhAQGi0gICU1LS0tNS0rLy0tLS0tLystLy8tLS0tODctMi01MistMS0tLy0vLS0tLS0rLS0tLSstLf/AABEIALcBEwMBIgACEQEDEQH/xAAcAAEAAwADAQEAAAAAAAAAAAAABQYHAgMEAQj/xAA8EAACAQIEAwYEBQAJBQAAAAABAgADEQQSITEFBkETIlFhcYEHkaGxMkJSwfAUM0NicoLC0eEjNJKy8f/EABkBAQADAQEAAAAAAAAAAAAAAAACAwQBBf/EACcRAQEBAAICAgICAAcAAAAAAAABAgMRITESQQQyIlFhgZHB0fDx/9oADAMBAAIRAxEAPwDb4iICIiAiIgIiICIiAiIgIiICIiAiIgIicK1QKCx2AvA5zitQHYg+hmQc28bxlaoe7USkDYIM1rDqbDUyGw3EHU3DspH6jp737y+p0ld2tnHW9RKFyhzezkUq51va53U+Z6iX2Tl7V6zYRETrhERAREQEREBERAREQEREBERAREQEREBERAREQEREBERAREQEjuNv3VXoTr/lBMkZBc3tVFKmaQW/armZ72VbNso/EWbKlrj8e85fTufaDxAuZ4uInDEZKzU9BfvEBlHjfdfXSV/FjGiqctVgGdUDMUdRmqBL9mFH5TmtceE614Pd1NTOtRWu2RahZ22zZ1BzKdCPDbTaUfGdtfds8R5OIomGqUalGoHo1BZWDBhoSLZl0NiN/K3Sa9ytxHt8OjdQAD8tPp9pnvHeFKvDqoKWZSaq7ZgWqljcjqQxv6mT/wAMa3cdfX6MSPo4ks3qocmf49r1ERLmYiIgIiICIiAiIgIiICIiAiIgIiICIiAiIgIiICIiAiIgIiICVz4gVsmCqNa9irWOxKHtAD7oJY5WfiAubCsn6g3/AKEfvI7vUSxO9RVmxNEijiqRvTdRUV3LvYMNu8TlOtja1rG87cQzb2Bf8oDLfW36b2X1mXcs84Pw8tQqIamHJzhQbVKebUlL6EXvdT11BGt9JwXG8NVp9vQbOp/SpDX3KlbaHXaU6nXlr49y+Pt1czY3Lhnpk96p3B7nU+gkx8PNHYDxK/JQP9Mzji3EnepnqC127i+CgqPnqSZe/h9xGn21UFgP+odSepH/AMlef2iXJ+taXE406gYXUgjxBuPnOU2MBERAREQEREBERAREQEREBERAREQEREBERAREQEREBERAREQEqfxBq5aSH/F+0tko3xCxYY0qY/KST8iJXy/qt4Z/JgHNFKz3HUsB6XDfv9ZbPhhdaVVTsxzjy/KfoF+UheJ4btTSRd+99dB9vpNHHC6dDDgBQNAD0JsOp8JGy6z0nLM77VLj9qldQv4U1JHW2v3Fp3cArEV6Sd8DV7qpOY62N9vP3nRUP4z+pyPZQL28rhfrIjiDZaVWqKj02aq1NVps4LqtluwB2Nvec4My3z9Lta68rxwj4nnCZ6RpGr3yzFmCEE7gBQRfx0H3l75V5/p4yoKTUKtFmF6ZcZkcWvowGnuLHxlD5W+GNFqRfFNULEWyo2RVfQtYi5Yqbrc6E300k9j+WMRRVTgWR8qgGnWNs1iNVP4Q1hb8u/lNG+Tjm/jq9VjxPnLpp8So8qcbxHbHB4tD2gQ1KdQKcjIGtlL7FwPsZbos6cs6IiJxwiIgIiICIiAiIgIiICIiAiIgIiICInTiqTMLK5XzEDunmxeOWnlzBrHqBcD1M878PqEf9w/y/wBjPI/Ca1/6y48SSD8tZG2/0nJn7qW/paad4a/z2ndK5ieHVqYzZrgb2v8AUSQ4Tj83cbcbeflE156pc+O4k4iJJBxquFBY7AE/KZFzfjyWruehsPXQAD3BHvNO47islJvEjT9yZinMFVq1anRU3AbvHxc6fS4+ZlHLe7I0cM6lpyhwU1KorMO6tgPNgSxt5At/LGT/ADziClCwH4jb5C/3y/WWDBYVKVNVUWVVA08BM9554wXcWVgtMGyshuWO7sDsNNL+vlLLPjnpDN+eu/pEnEA6rqVDbW1Y6kD6CWHgPBKlavhqRpKi0VVydGY1icwLeOWxfzKqOspmBoNXClauVmZso/CMiAXfTYZmsBv3SZs3K2A/omFD1DerUAZj+Y3AF7+dlHoqxmzhxd6W8nep8c/f/an1UKFVdFUWHt94zTow9UsoPj4Tsnjb1rW7rXtLqZnxj65DWuL22OxB8QRqD6TsTFVV/DUuP01Bm9g4sw9TmnVOdGmWIAlnFybl6zUNZl81M4HEF1uQAdiAcw9jYX+QnpnXQpBQAJ2T1899eWakRE6EREBERAREQEREBERAREQEREBERAREQEgeMYLIe0TQdbdDJ6catMMCp2M5Z2lm9VEYLjS2AqmxuAD0N9ryWp1AwuDceI2mb8/UXpKq9wICzlqgBXuju2B63a/+WVTl/mZ8J/R2GKNTM2Z0FMhXS9iL6+N8wF9JPGLcp3HfmLf8T+PooajTZTU0Fr7En76gesqfJvCy2epUuCGDKDuqsoYX85UuM4wVKjF1AqVHao1TOWCKL5CBYd24Gv7y38p1qlLE1aFUgnsg3pZu6P8AxYfKcnFJ3Xd6uc9ReKZ0AlT+JeMFLCNZQS7qliLgi5dgba2IQj3lqpvpf2HrKR8RirVuHUWswNXMVIJ7Sz0lyabZhUbWTntm9+Evw/lqiuHRKlFVqMiktZc9NwBoreTXYa7s0lsZWZgi3AVbDxPdsBp7Tsxl9tx/Os8wBnncve/frvt6eJJe/tN8PNkUeX7z0FxIhazAaa/eRmM5gFNkVwy5jYEghb+BbYTztZ3d2TLlz9rTnkly/XR1qFb3DlTfy6r/AHT4+Uyfm3mq1BqaFxnurFAQwAIDAE7Eg7jpf1Fp+GnE6XaPRUvepTSrZtrgZTt+EkAadbHznpfh/j2S73Oqp5Z4aLERNjMREQEREBERAREQEREBERAREQEREBERAREQEREDOPi1hwewZmNmDIAVNRcwBIOTY2ub3BuOmkzbEYVw9ClVYpiC4dXuezYDRdDotwRtppt0n6Mr0FdSrqGU7hgGU+oOhld45yVhq4JFMK9jY62uduun/MszuddLOPcjCccS5IYMWD1RVogaWGYhkNrquubQ9Z7cNWq08cVqG9QolIkABSxe9gBpcL2e3iPGWavyPi8Ph6z1alIZAQjnvVGzEDU7WsJ4uD4XPxCmrXP9GVzqQzGq7WJYgC9gvhuQZK+vCXJZqdr5QSwv4aD16mRlHggrY+niKg7lClamD1quzZm/yqF938pLONgOn8MpvEObsVhqtQr2L0jUqBVqCzBaSorZWWx1qZ9822gle5q5vxU8U/lF9xGHBkfVoAX0le4V8SKVYMXw9VAqB2ZSroAdOpVuh6GTmD47hMQQtKujMRcKTlqW/wADWJ36TxtcPPx/22fOe3AP0vr9YqBWUq1iD0P83nl49gMyt3mQ9GU2dT0IPiDKNj+a8TTbsbozaANkbOb3AJVTlOo6W9Jf+PbyePt276e/jPDhSqKSQVerntt/ZsGtbRSSFBAsDnPpJvkKk4xFGvRZmo1AVFKqQzoL2Nm6Be/YA7KdNrVCni6j4oU69aoyim1x2eRG0DFAm5FgNSddrTTvh9wsl2xBKBbZUVUKsotYKb7KBrYdSJ6ubZjrXtXyddWxfoiJUzEREBERAREQEREBERAREQEREBERAREQEREBERAREQIfm1A2FqKylgcoKi9yCwBGmu15mfJmDYYnGs3eKdnRZr3zVQt3I+YPuJqXMSk0HswXbU9NZTeXsOEp1CB/bVAT+pky0yfc0zLJ+hfT2YmoKaM52RSx9ACTMmGIpVK+GLIzu9Esw6ZmZnbQdCR4GaLzpWC4PE3OUdnlJtewYhduv4pn/D6tfNgSoVU7Ad421AV9TqfLpJ59LPx/2/0+v8UdhcGBXQV+7Tq0mUIu9x0t0sPvPnDqCVRYoqotGqpNTQkqSFKsbgEB/tPvCye0w7qO1qdpUBY/hB0Y2Pox69JwVnUVDWAbWsnZqbNd1vcW31W3WcrRJP68f+X3/wAIpeL4qmHojFViqsVA7RiuhsCuvdGnSdFRndhULsX071+9ptr0khxnh9NVoVKalO0U5kbe4t3hfXW5+kj6DdDvK7mSs3VnhaOS6mHSualeqgqWuDUNiSbgnMdNja02jl3uspQ91rbbEdfIifm7ilMgqwO6gfT/AJm3/BDAEYdq2oQ6KPylgbMbeOg1/vGRue732unP1i46adERDMREQEREBERAREQEREBERAREQEREBERAREQEREBERA8fGKWajVBGbuk2G5I1AHymY8Hx1ZqmPAqApSqhUUqLA941GuBc5mUn3msVBcEeRma4PBil279nlqVDncW1uSSL20NsxH+8sx66R3eohefMS7YLECwObIBlJub1UsAtr6+HnKXhqCFsAr1HY9jcoAbrZXJA9NZcfiEVOCqspIN6ZuOn/UQ3BkHg0qKVColPLgwC7WzMSASb9L3l1nUWfi+bf8kdSNTJgVJFCn2lQgX72r+N9T3vGRmP7Oma/ZlmZa6tnINgCzXOXfbynsTsRTwbsWquKhB8Px39xp5yYbAVq5xSCmKVJiliB3u7Ymw8fac67X71nM83/f6VnmTt27AVQAaSFUIZWLgEa3XTY39D6SMpbgn0mi8y8AAoYdaSksawpjQu7GrSdPUm+U+o0kTwnkzEO5Xs2ve1rHQ+ekr1PLPNfLyrj0O0DjqArg9LaKw+evtP0lyBw/sOH4Sn1yZz6uS/+qVThPwsAs1eqNVsyINbdVznf5b7eek00AAAFgBYDwA2kLSuUREi4REQEREBERAREQEREBERAREQEREBERAREQEREBERA+NsZn/FapVr/lOjdR4EEbjxBE0GZ/x2kbstiTe31sJbxe1fL6QPMnD3xWCrpRsxJTLYgUzaoCRe/wCIBDcdLiV/D8vVi9J6zk5aS0ytyBcC2libjbwl+emtJFpr+Ua26sdWPubyMfU3l08oTdx6QVLgVOki01uRm0Fhod9hv13PWTtNAqjyygdNyOgnBGBPoPqek9JBtpuCD8j9f+J1C233U7wfA06rqtRAwVhUF+jJqjAjqDaXC0hOXaO7+Vh9/wCesm5m3fLRj0RESCRERAREQEREBERAREQEREBERAREQEREBERAREQEREBERASrcZoWrljsBn97afX7S0yvc01AMo6ka+lzb95PHtHfpWcXUuZ4amu30ndWa86aS69dOh2v0I/nhNEZqUaNtSup3O8k+G0SzADe88igmWvlnBb1CPIes5vXUSxnupzB4cU0VB0+/Wd0RMrSREQEREBERAREQEREBERAREQEREBERAREQEREBERAREQEREBKXzFiL1H8tB7REs4/avk9K7Xq2BJ0Hj1nKkCAOviTETSzpHh9AE36DX5S9cN/qqeltIiZ+RfxvTERKlpERAREQEREBERAREQP/9k=\" style=\"width: 644px; height: 428.553px; float: right;\" data-filename=\"images (5).jpg\" class=\"note-float-right\"><i><b><u>Hhhdddho4eoeshsddldhd</u></b></i></p>', 1);

-- --------------------------------------------------------

--
-- Table structure for table `parents`
--

CREATE TABLE `parents` (
  `id` int(30) NOT NULL,
  `parent_code` varchar(100) NOT NULL,
  `firstname` varchar(200) NOT NULL,
  `lastname` varchar(200) NOT NULL,
  `gender` varchar(200) NOT NULL,
  `address` text NOT NULL,
  `student_code` text NOT NULL,
  `date_created` datetime NOT NULL DEFAULT current_timestamp()
) ENGINE=InnoDB DEFAULT CHARSET=utf8mb4;

--
-- Dumping data for table `parents`
--

INSERT INTO `parents` (`id`, `parent_code`, `firstname`, `lastname`, `gender`, `address`, `student_code`, `date_created`) VALUES
(10, '40404', 'Bahati', 'zirimwabaga', 'Male', 'gisenyi\r\nKigali\r\nNyamibirambo', '20220001', '2022-05-06 08:54:13'),
(14, '20220003', 'Pascal', 'Ngabo', 'Male', 'Gisenyi\r\nMbugangari\r\n', '20220004', '2022-05-07 11:20:16');

-- --------------------------------------------------------

--
-- Table structure for table `request`
--

CREATE TABLE `request` (
  `id` int(11) NOT NULL,
  `title` text NOT NULL,
  `message` text NOT NULL,
  `status` int(11) NOT NULL DEFAULT 0
) ENGINE=InnoDB DEFAULT CHARSET=utf8mb4;

-- --------------------------------------------------------

--
-- Table structure for table `results`
--

CREATE TABLE `results` (
  `id` int(30) NOT NULL,
  `student_id` int(30) NOT NULL,
  `marks_percentage` varchar(5) NOT NULL,
  `class_id` int(30) NOT NULL,
  `date_created` datetime NOT NULL DEFAULT current_timestamp()
) ENGINE=InnoDB DEFAULT CHARSET=utf8mb4;

--
-- Dumping data for table `results`
--

INSERT INTO `results` (`id`, `student_id`, `marks_percentage`, `class_id`, `date_created`) VALUES
(4, 3, '75', 7, '2022-05-03 13:02:49'),
(5, 4, '92', 8, '2022-05-03 13:11:22'),
(8, 8, '92.67', 8, '2022-05-10 18:23:36'),
(9, 8, '100', 12, '2022-05-10 18:25:58');

-- --------------------------------------------------------

--
-- Table structure for table `result_items`
--

CREATE TABLE `result_items` (
  `id` int(30) NOT NULL,
  `result_id` int(30) NOT NULL,
  `subject_id` int(30) NOT NULL,
  `mark` float NOT NULL,
  `date_created` datetime NOT NULL DEFAULT current_timestamp()
) ENGINE=InnoDB DEFAULT CHARSET=utf8mb4;

--
-- Dumping data for table `result_items`
--

INSERT INTO `result_items` (`id`, `result_id`, `subject_id`, `mark`, `date_created`) VALUES
(1, 1, 2, 88, '2020-11-21 16:57:05'),
(2, 1, 1, 85, '2020-11-21 16:57:05'),
(3, 1, 3, 90, '2020-11-21 16:57:05'),
(4, 2, 2, 90, '2020-11-25 16:45:52'),
(5, 2, 1, 88, '2020-11-25 16:45:52'),
(6, 2, 3, 93, '2020-11-25 16:45:52'),
(7, 3, 1, 38, '2022-04-29 19:52:56'),
(8, 4, 4, 80, '2022-05-03 13:02:50'),
(9, 4, 5, 70, '2022-05-03 13:02:50'),
(29, 6, 10, 89, '2022-05-10 18:09:01'),
(30, 6, 4, 90, '2022-05-10 18:09:01'),
(31, 6, 6, 10, '2022-05-10 18:09:01'),
(32, 6, 7, 90, '2022-05-10 18:09:02'),
(33, 6, 8, 79, '2022-05-10 18:09:02'),
(34, 7, 8, 10, '2022-05-10 18:16:28'),
(35, 5, 6, 100, '2022-05-10 18:20:56'),
(36, 5, 7, 90, '2022-05-10 18:20:56'),
(37, 5, 4, 90, '2022-05-10 18:20:56'),
(38, 5, 5, 90, '2022-05-10 18:20:56'),
(39, 5, 8, 90, '2022-05-10 18:20:56'),
(40, 8, 4, 100, '2022-05-10 18:23:36'),
(41, 8, 5, 90, '2022-05-10 18:23:36'),
(42, 8, 8, 88, '2022-05-10 18:23:36'),
(43, 9, 7, 100, '2022-05-10 18:25:58'),
(44, 9, 6, 100, '2022-05-10 18:25:58');

-- --------------------------------------------------------

--
-- Table structure for table `students`
--

CREATE TABLE `students` (
  `id` int(30) NOT NULL,
  `student_code` varchar(50) NOT NULL,
  `firstname` varchar(200) NOT NULL,
  `middlename` varchar(200) NOT NULL,
  `lastname` varchar(200) NOT NULL,
  `gender` varchar(50) NOT NULL,
  `address` text NOT NULL,
  `class_id` int(30) NOT NULL,
  `date_created` datetime NOT NULL DEFAULT current_timestamp()
) ENGINE=InnoDB DEFAULT CHARSET=utf8mb4;

--
-- Dumping data for table `students`
--

INSERT INTO `students` (`id`, `student_code`, `firstname`, `middlename`, `lastname`, `gender`, `address`, `class_id`, `date_created`) VALUES
(1, '62314', 'John', 'D', 'Smith', 'Female', 'Sample Address', 2, '2020-11-21 14:29:03'),
(2, '1415', 'Claire', 'G', 'Blake', 'Female', 'Sample Address', 1, '2020-11-25 16:45:05'),
(3, '20220001', 'Bahati', '-', 'Zirimwabagabo', 'Female', 'Bahati', 12, '2022-05-03 13:01:24'),
(4, '20220002', 'Henriette', '-', 'IBANA', 'Female', 'Gisenyi', 8, '2022-05-03 13:10:41'),
(5, '20220003', 'Leo', '-', 'lolo', 'Male', 'Gisenyi', 8, '2022-05-03 14:31:56'),
(6, '20220004', 'Diane', '-', 'Alice', 'Female', 'Gisenyi', 7, '2022-05-03 15:16:15'),
(7, '2022008', 'Christella', '-', 'Bella', 'Female', 'Kigali', 10, '2022-05-04 16:40:05'),
(8, '2022010', 'Henriette', '-', 'IBANA', 'Female', 'Gisenyi', 12, '2022-05-10 17:24:39');

-- --------------------------------------------------------

--
-- Table structure for table `subjects`
--

CREATE TABLE `subjects` (
  `id` int(30) NOT NULL,
  `subject_code` varchar(50) NOT NULL,
  `subject` varchar(200) NOT NULL,
  `description` text NOT NULL,
  `date_created` datetime NOT NULL DEFAULT current_timestamp()
) ENGINE=InnoDB DEFAULT CHARSET=utf8mb4;

--
-- Dumping data for table `subjects`
--

INSERT INTO `subjects` (`id`, `subject_code`, `subject`, `description`, `date_created`) VALUES
(4, '1001', 'Math', 'Math ', '2022-05-03 12:58:36'),
(5, '1002', 'Physics', 'Physics', '2022-05-03 12:58:55'),
(6, '1003', 'Geography', 'Geography', '2022-05-03 13:08:33'),
(7, '1004', 'Entrepreneurship', 'Entrepreneurship', '2022-05-03 13:09:18'),
(8, '1005', 'GP', 'General Paper', '2022-05-03 16:53:51'),
(9, '1007', 'Math', 'jj', '2022-05-03 17:19:57'),
(10, '1000', 'Physics', 'fff', '2022-05-03 17:29:36');

-- --------------------------------------------------------

--
-- Table structure for table `system_settings`
--

CREATE TABLE `system_settings` (
  `id` int(30) NOT NULL,
  `name` text NOT NULL,
  `email` varchar(200) NOT NULL,
  `contact` varchar(20) NOT NULL,
  `address` text NOT NULL,
  `cover_img` text NOT NULL
) ENGINE=InnoDB DEFAULT CHARSET=utf8mb4;

--
-- Dumping data for table `system_settings`
--

INSERT INTO `system_settings` (`id`, `name`, `email`, `contact`, `address`, `cover_img`) VALUES
(1, 'HIGH SCHOOLER SUPPORT SYSTEM', 'bahati&&Henriette@gmail.com', '+250787959242', 'ulkgisenyics2022@gmail.com', '1605927480_download.jpg');

-- --------------------------------------------------------

--
-- Table structure for table `users`
--

CREATE TABLE `users` (
  `id` int(30) NOT NULL,
  `firstname` varchar(200) NOT NULL,
  `lastname` varchar(200) NOT NULL,
  `username` varchar(200) NOT NULL,
  `password` text NOT NULL,
  `type` int(1) NOT NULL DEFAULT 1,
  `date_created` datetime NOT NULL DEFAULT current_timestamp()
) ENGINE=InnoDB DEFAULT CHARSET=utf8mb4;

--
-- Dumping data for table `users`
--

INSERT INTO `users` (`id`, `firstname`, `lastname`, `username`, `password`, `type`, `date_created`) VALUES
(1, 'Administrator', '', 'admin', '0192023a7bbd73250516f069df18b500', 1, '2020-11-20 13:25:41'),
(2, 'Bahti', 'Jenifa', 'bahati123', 'bahatiz123', 1, '2022-05-17 20:15:33'),
(3, 'ANGE', 'SANO', 'secretary', 'md5(TRRRR)', 2, '2022-05-17 20:18:54'),
(4, 'ANGE', 'Jenifa', 'Admin', '827ccb0eea8a706c4c34a16891f84e7b', 2, '2022-05-19 09:03:09'),
(5, 'Pascal', 'Bahti', 'secr', '33b5043b6407b924787c0ae970a6200b', 1, '2022-05-19 10:44:42'),
(6, 'Bahati', 'Bahati', 'Bahati', '6474c64e3158684dee4835c77eaf38d3', 1, '2022-05-19 10:45:41'),
(7, 'Bht', 'ZBM', 'bahati', '46118a2391e5363551e9b98b5e612e0f', 2, '2022-05-19 10:46:08');

--
-- Indexes for dumped tables
--

--
-- Indexes for table `classes`
--
ALTER TABLE `classes`
  ADD PRIMARY KEY (`id`);

--
-- Indexes for table `notifications`
--
ALTER TABLE `notifications`
  ADD PRIMARY KEY (`id`);

--
-- Indexes for table `parents`
--
ALTER TABLE `parents`
  ADD PRIMARY KEY (`id`);

--
-- Indexes for table `request`
--
ALTER TABLE `request`
  ADD PRIMARY KEY (`id`);

--
-- Indexes for table `results`
--
ALTER TABLE `results`
  ADD PRIMARY KEY (`id`);

--
-- Indexes for table `result_items`
--
ALTER TABLE `result_items`
  ADD PRIMARY KEY (`id`);

--
-- Indexes for table `students`
--
ALTER TABLE `students`
  ADD PRIMARY KEY (`id`);

--
-- Indexes for table `subjects`
--
ALTER TABLE `subjects`
  ADD PRIMARY KEY (`id`);

--
-- Indexes for table `system_settings`
--
ALTER TABLE `system_settings`
  ADD PRIMARY KEY (`id`);

--
-- Indexes for table `users`
--
ALTER TABLE `users`
  ADD PRIMARY KEY (`id`);

--
-- AUTO_INCREMENT for dumped tables
--

--
-- AUTO_INCREMENT for table `classes`
--
ALTER TABLE `classes`
  MODIFY `id` int(30) NOT NULL AUTO_INCREMENT, AUTO_INCREMENT=13;

--
-- AUTO_INCREMENT for table `notifications`
--
ALTER TABLE `notifications`
  MODIFY `id` int(11) NOT NULL AUTO_INCREMENT, AUTO_INCREMENT=10;

--
-- AUTO_INCREMENT for table `parents`
--
ALTER TABLE `parents`
  MODIFY `id` int(30) NOT NULL AUTO_INCREMENT, AUTO_INCREMENT=15;

--
-- AUTO_INCREMENT for table `request`
--
ALTER TABLE `request`
  MODIFY `id` int(11) NOT NULL AUTO_INCREMENT, AUTO_INCREMENT=7;

--
-- AUTO_INCREMENT for table `results`
--
ALTER TABLE `results`
  MODIFY `id` int(30) NOT NULL AUTO_INCREMENT, AUTO_INCREMENT=10;

--
-- AUTO_INCREMENT for table `result_items`
--
ALTER TABLE `result_items`
  MODIFY `id` int(30) NOT NULL AUTO_INCREMENT, AUTO_INCREMENT=45;

--
-- AUTO_INCREMENT for table `students`
--
ALTER TABLE `students`
  MODIFY `id` int(30) NOT NULL AUTO_INCREMENT, AUTO_INCREMENT=9;

--
-- AUTO_INCREMENT for table `subjects`
--
ALTER TABLE `subjects`
  MODIFY `id` int(30) NOT NULL AUTO_INCREMENT, AUTO_INCREMENT=11;

--
-- AUTO_INCREMENT for table `system_settings`
--
ALTER TABLE `system_settings`
  MODIFY `id` int(30) NOT NULL AUTO_INCREMENT, AUTO_INCREMENT=3;

--
-- AUTO_INCREMENT for table `users`
--
ALTER TABLE `users`
  MODIFY `id` int(30) NOT NULL AUTO_INCREMENT, AUTO_INCREMENT=8;
COMMIT;

/*!40101 SET CHARACTER_SET_CLIENT=@OLD_CHARACTER_SET_CLIENT */;
/*!40101 SET CHARACTER_SET_RESULTS=@OLD_CHARACTER_SET_RESULTS */;
/*!40101 SET COLLATION_CONNECTION=@OLD_COLLATION_CONNECTION */;
